family,gene,mouse gene,source,skin compartment,compartment confidence,full name,role,key reference,validated in,psoriasis relevance,family review
Cadherin / junction,CDH1,Cdh1,Curated panel,Epidermis,High,E-cadherin,epithelial adherens-junction cadherin,"Le Duc, J Cell Biol, 2010 [PMC2894457]; Borghi, PNAS, 2010 [PMC2922157]",Villeneuve 2026; McCreery 2025; Young 2023,,Leckband & de Rooij 2014 [Annu Rev Cell Dev Biol]; Charras & Yap 2018 [Curr Biol]
Cadherin / junction,CDH2,Cdh2,Curated panel,Dermis,Medium,N-cadherin,mesenchymal/neural cadherin,"Borghi, PNAS, 2012 [PMC3411997]",McCreery 2025,,Leckband & de Rooij 2014 [Annu Rev Cell Dev Biol]; Charras & Yap 2018 [Curr Biol]
Cadherin / junction,CDH3,Cdh3,Curated panel,Epidermis,High,P-cadherin,skin/breast epithelial cadherin,"Ribeiro, 2014",Bansaccal 2023; Villeneuve 2026,,Leckband & de Rooij 2014 [Annu Rev Cell Dev Biol]; Charras & Yap 2018 [Curr Biol]
Cadherin / junction,CDH6,Cdh6,Young 2023 (single-cell genomechanics),Both,Low,Cadherin-6 (K-cadherin),type-II cadherin; EMT-associated adhesion switch (genomechanics panel),"Young, iScience, 2023 [PMC10074148]",,,
Cadherin / junction,CDH11,Cdh11,Curated panel,Dermis,Medium,OB-cadherin,fibroblast/myofibroblast cadherin,"Schulte, 2011",Aguilera-Stewart 2025; McCreery 2025,,Leckband & de Rooij 2014 [Annu Rev Cell Dev Biol]; Charras & Yap 2018 [Curr Biol]
Cadherin / junction,CDH13,Cdh13,Aragona 2020 (scRNA DEGs),Both,Medium,T-cadherin (CDH13),atypical GPI-anchored cadherin; mechanosensing / YAP regulator,"Aragona, Nature, 2020 [PMC7116042]",,Stretch-induced atypical cadherin,
Cadherin / junction,CLDN1,Cldn1,Curated panel,Epidermis,High,Claudin-1,tight-junction barrier,"Furuse, Cold Spring Harb Perspect Biol, 2010 [PMC2827901]",,,Leckband & de Rooij 2014 [Annu Rev Cell Dev Biol]; Charras & Yap 2018 [Curr Biol]
Cadherin / junction,CLDN4,Cldn4,Curated panel,Epidermis,High,Claudin-4,tight-junction sealing in epithelia,"Furuse, CSH Perspect Biol, 2010 [PMC2827901]",,,Leckband & de Rooij 2014 [Annu Rev Cell Dev Biol]; Charras & Yap 2018 [Curr Biol]
Cadherin / junction,CLDN7,Cldn7,Curated panel,Epidermis,High,Claudin-7,epithelial tight junction,"Furuse, CSH Perspect Biol, 2010 [PMC2827901]",,,Leckband & de Rooij 2014 [Annu Rev Cell Dev Biol]; Charras & Yap 2018 [Curr Biol]
Cadherin / junction,CTNNA1,Ctnna1,Curated panel,Both,High,α-catenin,junctional force transducer; force-induced unfolding exposes vinculin binding site,"Yonemura, Nat Cell Biol, 2010 [PMID 20453849]; Yao, Sci Rep, 2014 [PMC3980218]",Xue 2025,,Leckband & de Rooij 2014 [Annu Rev Cell Dev Biol]; Charras & Yap 2018 [Curr Biol]
Cadherin / junction,CTNNB1,Ctnnb1,Curated panel,Both,High,β-catenin,AJ scaffold + Wnt TF; force-induced nuclear translocation,"Le, 2018",,,Leckband & de Rooij 2014 [Annu Rev Cell Dev Biol]; Charras & Yap 2018 [Curr Biol]
Cadherin / junction,CTNND1,Ctnnd1,Curated panel,Both,High,p120-catenin,cadherin stability regulator,"Reynolds, Biochim Biophys Acta, 2007 [PMC2892545]",,,Leckband & de Rooij 2014 [Annu Rev Cell Dev Biol]; Charras & Yap 2018 [Curr Biol]
Cadherin / junction,DSC1,Dsc1,Skin/psoriasis review,Epidermis,High,Desmocollin-1,suprabasal desmosomal cadherin,"Garrod, BBA, 2008 [PMID 17854763]",Koester 2021,Suprabasal desmosomal cadherin; differentiation-associated,
Cadherin / junction,DSC3,Dsc3,Curated panel,Epidermis,High,Desmocollin-3,desmosomal cadherin,"Garrod, Biochim Biophys Acta, 2008 [PMID 17854763]",,,Leckband & de Rooij 2014 [Annu Rev Cell Dev Biol]; Charras & Yap 2018 [Curr Biol]
Cadherin / junction,DSG1,Dsg1a,Skin/psoriasis review,Epidermis,High,Desmoglein-1,suprabasal desmosomal cadherin; force-bearing cell-cell adhesion,"Garrod, BBA, 2008 [PMID 17854763]",Villeneuve 2026,Suprabasal desmosomal cadherin; pemphigus foliaceus/SAM; remodeled in psoriasis,
Cadherin / junction,DSG2,Dsg2,Curated panel,Epidermis,Medium,Desmoglein-2,"desmosomal cadherin, force-bearing","Baddam, eLife, 2018 [PMC6070948]",,,Leckband & de Rooij 2014 [Annu Rev Cell Dev Biol]; Charras & Yap 2018 [Curr Biol]
Cadherin / junction,DSG3,Dsg3,Curated panel,Epidermis,High,Desmoglein-3,desmosomal cadherin,"Garrod, BBA, 2008 [PMID 17854763]",Villeneuve 2026,,Leckband & de Rooij 2014 [Annu Rev Cell Dev Biol]; Charras & Yap 2018 [Curr Biol]
Cadherin / junction,DSP,Dsp,Curated panel,Epidermis,High,Desmoplakin,"desmosomal plaque, intermediate-filament anchor","Broussard, Curr Biol, 2017 [PMC5687018]",,,Leckband & de Rooij 2014 [Annu Rev Cell Dev Biol]; Charras & Yap 2018 [Curr Biol]
Cadherin / junction,F11R,F11r,Curated panel,Both,High,JAM-A,"tight-junction member, mechano-coupled","Severson, 2009",,,Leckband & de Rooij 2014 [Annu Rev Cell Dev Biol]; Charras & Yap 2018 [Curr Biol]
Cadherin / junction,GJA1,Gja1,Xiong 2025 (MechanoGEPred),Both,Medium,Connexin-43 (GJA1),mechanosensitive gap-junction channel,"Xiong, BioData Min, 2025 [PMC12625330]",,,
Cadherin / junction,JUP,Jup,Skin/psoriasis review,Epidermis,Medium,Junction plakoglobin (gamma-catenin),desmosome + adherens-junction armadillo protein; force transduction,"Aktary, Int J Cell Biol, 2012 [PMC3312339]",,Desmosomal/AJ plaque; Naxos disease,
Cadherin / junction,PKP1,Pkp1,Skin/psoriasis review,Epidermis,High,Plakophilin-1,desmosomal plaque protein; reinforces desmosome mechanics,"McGrath, 2010",,Desmosomal plaque; skin-fragility-ectodermal-dysplasia syndrome,
Cadherin / junction,TJP1,Tjp1,Curated panel,Both,High,ZO-1,"tight-junction scaffold, mechano-stretch responsive","Spadaro, Curr Biol, 2017 [PMID 29199076]",Javed 2025,,Leckband & de Rooij 2014 [Annu Rev Cell Dev Biol]; Charras & Yap 2018 [Curr Biol]
Cadherin / junction,TJP2,Tjp2,Curated panel,Both,High,ZO-2,tight-junction scaffold,"Bauer, 2010",Javed 2025,,Leckband & de Rooij 2014 [Annu Rev Cell Dev Biol]; Charras & Yap 2018 [Curr Biol]
Caveolae,CAV1,Cav1,Curated panel,Both,High,Caveolin-1,"principal caveolar coat protein, mechano-buffer","Sinha, Cell, 2011 [PMC3042189]; Parton, Nat Rev MCB, 2013 [PMID 23340574]",Villeneuve 2026; Kaivola 2026; Suriyagandhi 2024; Urbanska 2024,,Sinha et al. 2011 [Cell]; Parton & del Pozo 2013 [Nat Rev MCB]
Caveolae,CAV2,Cav2,Curated panel,Both,High,Caveolin-2,co-assembled with CAV1,"Parton, Nat Rev MCB, 2013 [PMID 23340574]",,,Sinha et al. 2011 [Cell]; Parton & del Pozo 2013 [Nat Rev MCB]
Caveolae,CAVIN1,Cavin1,Curated panel,Both,High,PTRF/Cavin-1,essential caveolar accessory; loss disrupts mechano-buffering,"Hill, Cell, 2008 [PMC2265257]; Sinha, Cell, 2011 [PMC3042189]",,,Sinha et al. 2011 [Cell]; Parton & del Pozo 2013 [Nat Rev MCB]
Caveolae,CAVIN2,Cavin2,Curated panel,Both,High,SDPR/Cavin-2,caveolar coat accessory,"Hansen, Trends Cell Biol, 2010 [PMID 20153650]",,,Sinha et al. 2011 [Cell]; Parton & del Pozo 2013 [Nat Rev MCB]
Caveolae,CAVIN3,Cavin3,Curated panel,Both,High,PRKCDBP/Cavin-3,caveolar accessory,"Hansen, Trends Cell Biol, 2010 [PMID 20153650]",,,Sinha et al. 2011 [Cell]; Parton & del Pozo 2013 [Nat Rev MCB]
Caveolae,FLOT2,Flot2,Curated panel,Both,High,Flotillin-2,membrane microdomain scaffold,"Banning, Cell Mol Life Sci, 2014 [PMC3980747]",Bonjoch 2025,,Sinha et al. 2011 [Cell]; Parton & del Pozo 2013 [Nat Rev MCB]
Cell volume / osmotic mechanosensing,AQP1,Aqp1,Curated panel,Dermis,Medium,Aquaporin-1,ubiquitous water channel,"Verkman, Annu Rev Med, 2011 [PMC3319404]",,,Hoffmann et al. 2009 [Physiol Rev]; Verkman 2011 [Annu Rev Med]
Cell volume / osmotic mechanosensing,AQP3,Aqp3,Curated panel,Epidermis,Medium,Aquaporin-3,"aquaglyceroporin, skin/epithelia","Verkman, Annu Rev Med, 2011 [PMC3319404]",,,Hoffmann et al. 2009 [Physiol Rev]; Verkman 2011 [Annu Rev Med]
Cell volume / osmotic mechanosensing,AQP5,Aqp5,Curated panel,Appendages,Medium,Aquaporin-5,"secretory water channel, salivary/lung","Verkman, Annu Rev Med, 2011 [PMC3319404]",,,Hoffmann et al. 2009 [Physiol Rev]; Verkman 2011 [Annu Rev Med]
Cell volume / osmotic mechanosensing,OXSR1,Oxsr1,Curated panel,Both,High,OSR1,WNK pathway kinase,"Alessi, Sci Signal, 2014 [PMID 25028718]",,,Hoffmann et al. 2009 [Physiol Rev]; Verkman 2011 [Annu Rev Med]
Cell volume / osmotic mechanosensing,SLC9A1,Slc9a1,Xiong 2025 (MechanoGEPred),Both,Medium,NHE1 (SLC9A1),mechanosensitive Na/H exchanger; volume/pH,"Xiong, BioData Min, 2025 [PMC12625330]",,,
Cell volume / osmotic mechanosensing,SLC12A2,Slc12a2,Curated panel,Both,High,NKCC1,"Na-K-Cl cotransporter, volume regulation","Russell, Physiol Rev, 2000 [PMID 10617769]",,,Hoffmann et al. 2009 [Physiol Rev]; Verkman 2011 [Annu Rev Med]
Cell volume / osmotic mechanosensing,STK39,Stk39,Curated panel,Both,High,SPAK,WNK pathway kinase,"Alessi, Sci Signal, 2014 [PMID 25028718]",,,Hoffmann et al. 2009 [Physiol Rev]; Verkman 2011 [Annu Rev Med]
Chromatin mechano,ATM,Atm,Xiong 2025 (MechanoGEPred),Both,Medium,ATM kinase,DNA-damage/nuclear-mechano kinase,"Xiong, BioData Min, 2025 [PMC12625330]",,,
Chromatin mechano,CBX2,Cbx2,McCreery 2025 (mechano-osmotic chromatin),Both,High,Chromobox 2 (Polycomb PRC1),mechano-osmotic chromatin condensate; phase separation gated by crowding/osmotic pressure,"McCreery, Nat Cell Biol, 2025 [PMC12527910]",,Mechano-osmotic Polycomb condensate,
Chromatin mechano,CBX3,Cbx3,Curated panel,Both,High,HP1γ,HP1 isoform,"Maison, Nat Rev MCB, 2004 [PMID 15071554]",,,Le et al. 2016 [Nat Cell Biol]; Wang et al. 2017 [Nat Rev MCB]
Chromatin mechano,CBX4,Cbx4,McCreery 2025 (mechano-osmotic chromatin),Both,Medium,"Chromobox 4 (Polycomb, SUMO E3)",Polycomb PRC1 chromatin component (with CBX2),"McCreery, Nat Cell Biol, 2025 [PMC12527910]",,Polycomb chromatin component,
Chromatin mechano,CBX5,Cbx5,Curated panel,Both,High,HP1α,"heterochromatin scaffold, mechano-condensation","Maison, Nat Rev MCB, 2004 [PMID 15071554]",,,Le et al. 2016 [Nat Cell Biol]; Wang et al. 2017 [Nat Rev MCB]
Chromatin mechano,EZH2,Ezh2,Curated panel,Both,High,EZH2,"polycomb H3K27 methyltransferase, mechano-induced silencing","Margueron, Nature, 2011 [PMC3760771]",Hunter 2025,,Le et al. 2016 [Nat Cell Biol]; Wang et al. 2017 [Nat Rev MCB]
Chromatin mechano,H1-0,H1f0,McCreery 2025 (mechano-osmotic chromatin),Both,Medium,Linker histone H1.0,chromatin-compaction linker histone; chromatin mechanics,"McCreery, Nat Cell Biol, 2025 [PMC12527910]",,Chromatin-compaction histone,
Chromatin mechano,H2AFX,H2ax,Curated panel,Both,High,H2AX,phosphorylated to γH2AX as nuclear-strain damage marker,"Rogakou, J Biol Chem, 1998 [PMID 9488723]",,,Le et al. 2016 [Nat Cell Biol]; Wang et al. 2017 [Nat Rev MCB]
Chromatin mechano,HDAC5,Hdac5,Xiong 2025 (MechanoGEPred),Both,Medium,HDAC5,class-IIa HDAC; mechano-shuttling MEF2 repressor,"Xiong, BioData Min, 2025 [PMC12625330]",,,
Chromatin mechano,HMGA1,Hmga1,Curated panel,Both,High,HMGA1,"high-mobility-group AT-hook, stretch-responsive","Reeves, 2015",Hunter 2025,,Le et al. 2016 [Nat Cell Biol]; Wang et al. 2017 [Nat Rev MCB]
Chromatin mechano,HMGB1,Hmgb1,Hunter 2025 (melanoma confinement),Both,Medium,High-mobility-group box 1,DNA-bending HMG-box chromatin protein (HMGB2 paralog); confinement-responsive chromatin mechano-regulation,"Hunter, Nature, 2025 [PMC12611772]",,,
Chromatin mechano,HMGB2,Hmgb2,Curated panel,Both,High,HMGB2,"chromatin-architectural protein, mechano-induced","Stros, Biochim Biophys Acta, 2010 [PMID 20123072]",Hunter 2025; Jiang 2024,,Le et al. 2016 [Nat Cell Biol]; Wang et al. 2017 [Nat Rev MCB]
Chromatin mechano,HMGB3,Hmgb3,Hunter 2025 (melanoma confinement),Both,Low,High-mobility-group box 3,HMG-box DNA-bending chromatin protein; confinement-regulated member of the HMG-family mechano-program,"Hunter, Nature, 2025 [PMC12611772]",,,
Chromatin mechano,HMGN2,Hmgn2,Hunter 2025 (melanoma confinement),Both,Low,Non-histone chromosomal protein HMGN2 (HMG-14),nucleosome-binding HMGN protein; confinement-regulated chromatin compaction,"Hunter, Nature, 2025 [PMC12611772]",,,
Chromatin mechano,SETDB1,Setdb1,Curated panel,Both,High,SETDB1,H3K9 methyltransferase,"Schultz, Genes Dev, 2002 [PMC152359]",,,Le et al. 2016 [Nat Cell Biol]; Wang et al. 2017 [Nat Rev MCB]
Chromatin mechano,SMARCAD1,Smarcad1,Hunter 2025 (melanoma confinement),Both,Low,SWI/SNF-related ATPase SMARCAD1,ATP-dependent chromatin remodeller; top confinement-induced gene; nucleosome turnover / heterochromatin maintenance,"Hunter, Nature, 2025 [PMC12611772]",,,
Chromatin mechano,SMARCAL1,Smarcal1,Hunter 2025 (melanoma confinement),Both,Low,SMARCAL1 / HARP (annealing helicase),actin-dependent regulator of chromatin & replication-fork remodeller; confinement-induced,"Hunter, Nature, 2025 [PMC12611772]",,,
Chromatin mechano,SMARCD3,Smarcd3,Xiong 2024 (MechanoBase),Both,Medium,BAF60c (SMARCD3),SWI/SNF chromatin-remodelling subunit (mechano-chromatin),"Xiong, Database (Oxford), 2024 [PMC11131424]",,,
Chromatin mechano,TRNP1,Trnp1,Xiong 2024 (MechanoBase),Both,Medium,TRNP1,nuclear protein controlling nuclear stiffness & tissue folding,"Xiong, Database (Oxford), 2024 [PMC11131424]",,,
Cornified envelope / barrier,FLG,Flg,Skin/psoriasis review,Epidermis,High,Filaggrin,aggregates keratin filaments into the cornified mechanical barrier,"Sandilands, J Cell Sci, 2009 [PMC2721001]",Villeneuve 2026; Yu 2022,Barrier protein; ichthyosis vulgaris/AD; reduced in psoriasis,
Cornified envelope / barrier,IVL,Ivl,Skin/psoriasis review,Epidermis,High,Involucrin,cornified-envelope scaffold protein (transglutaminase substrate),"Eckert, 2005",Aguilera-Stewart 2025; Fiore 2020; Yu 2022,Cornified-envelope protein; aberrant/premature expression in psoriasis,
Cornified envelope / barrier,LOR,Lor,Skin/psoriasis review,Epidermis,High,Loricrin,major cornified-envelope structural protein (mechanical barrier),"Nithya, 2015",Yu 2022,Cornified-envelope protein; reduced/abnormal in psoriasis,
Cornified envelope / barrier,TGM1,Tgm1,Skin/psoriasis review,Epidermis,High,Transglutaminase-1,crosslinks cornified-envelope proteins (mechanical strengthening),"Eckert, 2005",Aguilera-Stewart 2025; Villeneuve 2026,Cornified-envelope crosslinker; lamellar ichthyosis; altered in psoriasis,
Cytoskeleton & contractility,ACTB,Actb,Aragona 2020 (scRNA DEGs),Both,High,beta-actin,cytoplasmic actin monomer; core cytoskeletal force element,"Aragona, Nature, 2020 [PMC7116042]",Koester 2021,Stretch-induced core actin,
Cytoskeleton & contractility,ACTG1,Actg1,Aragona 2020 (scRNA DEGs),Both,High,gamma-actin 1,cytoplasmic actin monomer; core cytoskeletal force element,"Aragona, Nature, 2020 [PMC7116042]",Cosgrove 2025,Stretch-induced core actin,
Cytoskeleton & contractility,ACTN1,Actn1,Curated panel,Both,High,α-actinin-1,F-actin crosslinker at FAs and stress fibres,"Sjöblom, Cell Mol Life Sci, 2008 [PMC11131806]",Kaivola 2026,,Pollard & Cooper 2009 [Science]; Vicente-Manzanares et al. 2009 [Nat Rev MCB]
Cytoskeleton & contractility,ACTN4,Actn4,Curated panel,Both,High,α-actinin-4,F-actin crosslinker; perinuclear actin cap,"Khurana, 2011",,,Pollard & Cooper 2009 [Science]; Vicente-Manzanares et al. 2009 [Nat Rev MCB]
Cytoskeleton & contractility,ACTR2,Actr2,Xiong 2025 (MechanoGEPred),Both,High,ARP2 (ACTR2),Arp2/3 actin nucleation subunit,"Xiong, BioData Min, 2025 [PMC12625330]",,,
Cytoskeleton & contractility,ACTR3,Actr3,Xiong 2025 (MechanoGEPred),Both,High,ARP3 (ACTR3),Arp2/3 actin nucleation subunit,"Xiong, BioData Min, 2025 [PMC12625330]",,,
Cytoskeleton & contractility,ANLN,Anln,Cosgrove 2025 (mechano-enhancers),Both,Medium,Anillin,actomyosin contractile-ring scaffold (stiffness-induced),"Cosgrove, Science, 2025 [PMC13005951]",Aguilera-Stewart 2025; Jiang 2024,,
Cytoskeleton & contractility,ANXA1,Anxa1,Aragona 2020 (ATAC motifs),Both,Medium,Annexin A1,Ca-dependent membrane/actin-linking protein; membrane mechanics & repair,"Aragona, Nature, 2020 [PMC7116042]",,Membrane mechanics; anti-inflammatory annexin,
Cytoskeleton & contractility,ARPC2,Arpc2,Aragona 2020 (scRNA DEGs),Both,Medium,Arp2/3 complex subunit 2,branched-actin nucleation,"Aragona, Nature, 2020 [PMC7116042]",,Stretch-induced branched-actin,
Cytoskeleton & contractility,BAIAP2,Baiap2,Suriyagandhi 2024 (mechano-inflammation network),Both,Medium,IRSp53 (BAIAP2),I-BAR actin/membrane-curvature mechano-protein,"Suriyagandhi, Mechanobiol Med, 2025 [PMC12082120]",,,
Cytoskeleton & contractility,CALD1,Cald1,Villeneuve 2024 (HF morphogenesis),Both,Medium,Caldesmon,actomyosin-contractility regulator (fibroblast-ring contraction),"Villeneuve, Nat Cell Biol, 2024 [PMC10866703]",Villeneuve 2026,,
Cytoskeleton & contractility,CDC42,Cdc42,Curated panel,Both,High,CDC42,"Rho-family GTPase, filopodia","Heasman, Nat Rev MCB, 2008 [PMID 18719708]",Javed 2025; McCreery 2025; Cosgrove 2025,,Pollard & Cooper 2009 [Science]; Vicente-Manzanares et al. 2009 [Nat Rev MCB]
Cytoskeleton & contractility,CFL1,Cfl1,Aragona 2020 (scRNA DEGs),Both,High,Cofilin-1,actin severing/turnover (ubiquitous; complements CFL2),"Aragona, Nature, 2020 [PMC7116042]; Bravo-Cordero, Nat Rev MCB, 2013 [PMC3878614]",,Stretch-induced actin severing,
Cytoskeleton & contractility,CFL2,Cfl2,Curated panel,Both,High,Cofilin-2,actin severing; downstream of LIMK,"Bravo-Cordero, Nat Rev MCB, 2013 [PMC3878614]",,,Pollard & Cooper 2009 [Science]; Vicente-Manzanares et al. 2009 [Nat Rev MCB]
Cytoskeleton & contractility,CIT,Cit,Jiang 2024 (psoriasis mechano-chemical circuit),Epidermis,Medium,Citron Rho-interacting kinase (CRIK),RhoA-effector kinase driving actomyosin contractile-ring cytokinesis; HMGB2-regulated proliferation gene in psoriasis,"Jiang, Cell Rep, 2024 [PMID 39003736]",,,
Cytoskeleton & contractility,CNN1,Cnn1,Cosgrove 2025 (mechano-enhancers),Dermis,Medium,Calponin-1,myofibroblast/SMC actomyosin contractility (stiffness-induced),"Cosgrove, Science, 2025 [PMC13005951]",,,
Cytoskeleton & contractility,CNN2,Cnn2,Villeneuve 2024 (HF morphogenesis),Both,Medium,Calponin-2,actin-binding contractility regulator,"Villeneuve, Nat Cell Biol, 2024 [PMC10866703]",Xiong 2024; Urbanska 2024,,
Cytoskeleton & contractility,CNN3,Cnn3,Villeneuve 2024 (HF morphogenesis),Both,Medium,Calponin-3,actin-binding contractility regulator,"Villeneuve, Nat Cell Biol, 2024 [PMC10866703]",,,
Cytoskeleton & contractility,COTL1,Cotl1,Xiong 2024 (MechanoBase),Both,Medium,Coactosin-like 1,F-actin-binding protein; cytoskeletal mechanics,"Xiong, Database (Oxford), 2024 [PMC11131424]",,,
Cytoskeleton & contractility,CRYAB,Cryab,Villeneuve 2024 (HF morphogenesis),Both,Medium,Alpha-B crystallin (HSPB5),mechano-stress chaperone protecting cytoskeleton/IF,"Villeneuve, Nat Cell Biol, 2024 [PMC10866703]",,,
Cytoskeleton & contractility,CSRP2,Csrp2,Aragona 2020 (ATAC motifs),Both,Medium,Cysteine-rich protein 2 (CRP2),actin-associated LIM-domain mechano-protein,"Aragona, Nature, 2020 [PMC7116042]",,Mechano LIM-domain protein,
Cytoskeleton & contractility,CTTN,Cttn,Curated panel,Both,High,Cortactin,branched-actin scaffold at invadopodia,"Weaver, 2008",,,Pollard & Cooper 2009 [Science]; Vicente-Manzanares et al. 2009 [Nat Rev MCB]
Cytoskeleton & contractility,DIAPH1,Diaph1,Literature review,Both,High,mDia1 formin,RhoA-driven mechanoresponsive actin nucleator; feeds MRTF/SRF,"Riveline, J Cell Biol, 2001 [PMC2192034]",,General,
Cytoskeleton & contractility,DIAPH2,Diaph2,Aragona 2020 (main text),Both,Medium,Diaphanous formin 2,actin-nucleating formin; stretch-upregulated (with DIAPH3),"Aragona, Nature, 2020 [PMC7116042]",,Stretch-upregulated formin,
Cytoskeleton & contractility,DIAPH3,Diaph3,Aragona 2020 (main text),Both,Medium,Diaphanous formin 3 (mDia2),RhoGTPase-effector formin; Diaph3 cKO abolishes stretch-induced F-actin & proliferation in vivo,"Aragona, Nature, 2020 [PMC7116042]",Xue 2025,Stretch-required formin (Diaph3 cKO blocks skin expansion),
Cytoskeleton & contractility,EFHD2,Efhd2,Aragona 2020 (scRNA DEGs),Both,Medium,Swiprosin-1 (EFHD2),Ca-regulated actin-bundling protein,"Aragona, Nature, 2020 [PMC7116042]",,Stretch-induced actin bundler,
Cytoskeleton & contractility,EZR,Ezr,Villeneuve 2024 (HF morphogenesis),Both,Medium,Ezrin,ERM cortical actin-membrane mechano-linker (with MSN),"Villeneuve, Nat Cell Biol, 2024 [PMC10866703]; Fehon, Nat Rev MCB, 2010 [PMC2871950]",,,
Cytoskeleton & contractility,FLNA,Flna,Xiong 2025 (MechanoGEPred),Both,High,Filamin-A,actin crosslinker & mechanosensor (force-unfolding),"Xiong, BioData Min, 2025 [PMC12625330]",Kaivola 2026,,
Cytoskeleton & contractility,FLNB,Flnb,Curated panel,Both,High,Filamin-B,"actin crosslinker, mechano-responsive","Razinia, Annu Rev Biophys, 2012 [PMC5508560]",,,Pollard & Cooper 2009 [Science]; Vicente-Manzanares et al. 2009 [Nat Rev MCB]
Cytoskeleton & contractility,FLNC,Flnc,Xiong 2025 (MechanoGEPred),Both,Medium,Filamin-C,actin crosslinker; Z-disc mechanosensor,"Xiong, BioData Min, 2025 [PMC12625330]",,,
Cytoskeleton & contractility,FSCN1,Fscn1,Villeneuve 2024 (HF morphogenesis),Both,Medium,Fascin-1,actin-bundling protein,"Villeneuve, Nat Cell Biol, 2024 [PMC10866703]",,,
Cytoskeleton & contractility,GSN,Gsn,Aguilera-Stewart 2025 (fibroblast),Both,High,Gelsolin,Ca-dependent actin-severing/capping protein,"Aguilera-Stewart, bioRxiv, 2025 [preprint]",Young 2023,Actin-severing cytoskeletal protein,
Cytoskeleton & contractility,HSPB1,Hspb1,Xiong 2025 (MechanoGEPred),Both,Medium,HSP27 (HSPB1),mechano-stress chaperone protecting actin,"Xiong, BioData Min, 2025 [PMC12625330]",,,
Cytoskeleton & contractility,LMO7,Lmo7,Xiong 2024 (MechanoBase),Both,Medium,LIM domain 7,junction/nuclear mechano-LIM protein,"Xiong, Database (Oxford), 2024 [PMC11131424]",Xiong 2025,,
Cytoskeleton & contractility,MACF1,Macf1,Xiong 2025 (MechanoGEPred),Both,Medium,MACF1 (ACF7),actin-microtubule cytolinker; force coupling,"Xiong, BioData Min, 2025 [PMC12625330]",,,
Cytoskeleton & contractility,MARCKSL1,Marcksl1,Xiong 2025 (MechanoGEPred),Both,Medium,MARCKSL1,actin-membrane mechano-coupling protein,"Xiong, BioData Min, 2025 [PMC12625330]",,,
Cytoskeleton & contractility,MICAL1,Mical1,Xiong 2024 (MechanoBase),Both,Medium,MICAL1,redox-dependent actin-depolymerising monooxygenase,"Xiong, Database (Oxford), 2024 [PMC11131424]",,,
Cytoskeleton & contractility,MSN,Msn,Aragona 2020 (scRNA DEGs),Both,High,Moesin,ERM protein; links cortical actin to membrane (mechanotransduction),"Aragona, Nature, 2020 [PMC7116042]; Fehon, Nat Rev MCB, 2010 [PMC2871950]",Kaivola 2026,Stretch-induced cortical mechano-linker,
Cytoskeleton & contractility,MTSS1,Mtss1,Young 2023 (single-cell genomechanics),Both,Medium,Metastasis suppressor 1 (MIM/MTSS1),I-BAR membrane-curvature & actin-bundling protein linking membrane mechanics to the cortex; metastasis suppressor (genomechanics panel),"Young, iScience, 2023 [PMC10074148]",,,
Cytoskeleton & contractility,MYH9,Myh9,Curated panel,Both,High,NM-IIA heavy chain,non-muscle myosin II — primary cortical contractility,"Vicente-Manzanares, Nat Rev MCB, 2009 [PMC2834236]",Aragona 2020; Fiore 2020; Villeneuve 2024; Villeneuve 2026; Cosgrove 2025; Xue 2025; Lomakin 2020,,Pollard & Cooper 2009 [Science]; Vicente-Manzanares et al. 2009 [Nat Rev MCB]
Cytoskeleton & contractility,MYH10,Myh10,Curated panel,Both,High,NM-IIB heavy chain,non-muscle myosin II isoform,"Vicente-Manzanares, Nat Rev MCB, 2009 [PMC2834236]",Cosgrove 2025,,Pollard & Cooper 2009 [Science]; Vicente-Manzanares et al. 2009 [Nat Rev MCB]
Cytoskeleton & contractility,MYH11,Myh11,Curated panel,Dermis,High,Smooth muscle MHC,smooth muscle / myofibroblast contractility,"Owens, Physiol Rev, 2007 [PMID 15269336]",Aguilera-Stewart 2025; Jiang 2024,,Pollard & Cooper 2009 [Science]; Vicente-Manzanares et al. 2009 [Nat Rev MCB]
Cytoskeleton & contractility,MYL9,Myl9,Curated panel,Both,High,Myosin light chain 9,"regulatory MLC, phosphorylated by MLCK/ROCK","Somlyo, Physiol Rev, 2003 [PMID 14506307]",Bansaccal 2023; Villeneuve 2024; Villeneuve 2026; Javed 2025; Lomakin 2020,,Pollard & Cooper 2009 [Science]; Vicente-Manzanares et al. 2009 [Nat Rev MCB]
Cytoskeleton & contractility,MYL10,Myl10,Hunter 2025 (melanoma confinement),Both,Low,Myosin regulatory light chain 10,myosin regulatory light chain; actomyosin contractility; HMGB2-induced,"Hunter, Nature, 2025 [PMC12611772]",,,
Cytoskeleton & contractility,MYLK,Mylk,Curated panel,Both,High,MLCK,"myosin light-chain kinase, Ca²⁺-calmodulin activated","Kamm, J Biol Chem, 2001 [PMID 11096123]",Bansaccal 2023; Young 2023,,Pollard & Cooper 2009 [Science]; Vicente-Manzanares et al. 2009 [Nat Rev MCB]
Cytoskeleton & contractility,PDLIM1,Pdlim1,Aragona 2020 (scRNA DEGs),Both,Medium,PDLIM1 (CLP36),PDZ-LIM actin stress-fibre scaffold; mechano,"Aragona, Nature, 2020 [PMC7116042]",,Stretch-induced actin scaffold,
Cytoskeleton & contractility,PDLIM7,Pdlim7,Xiong 2024 (MechanoBase),Both,Medium,PDZ-LIM domain 7 (Enigma),actin stress-fibre LIM scaffold (with PDLIM1/4),"Xiong, Database (Oxford), 2024 [PMC11131424]",,,
Cytoskeleton & contractility,PFN1,Pfn1,Aragona 2020 (scRNA DEGs),Both,High,Profilin-1,actin-monomer chaperone; polymerisation control,"Aragona, Nature, 2020 [PMC7116042]",,Stretch-induced actin regulator,
Cytoskeleton & contractility,PLS3,Pls3,Xiong 2025 (MechanoGEPred),Both,Medium,Plastin-3,actin-bundling protein,"Xiong, BioData Min, 2025 [PMC12625330]",,,
Cytoskeleton & contractility,RAC1,Rac1,Curated panel,Both,High,RAC1,"Rho-family GTPase, lamellipodia","Heasman, Nat Rev MCB, 2008 [PMID 18719708]",Suriyagandhi 2024,,Pollard & Cooper 2009 [Science]; Vicente-Manzanares et al. 2009 [Nat Rev MCB]
Cytoskeleton & contractility,RHOA,Rhoa,Curated panel,Both,High,RhoA,"master Rho-GTPase, activates ROCK","Hall, J Cell Sci, 2012 [PMID 23176484]",,,Pollard & Cooper 2009 [Science]; Vicente-Manzanares et al. 2009 [Nat Rev MCB]
Cytoskeleton & contractility,RHOB,Rhob,Xiong 2024 (MechanoBase),Both,Medium,RhoB GTPase,stress-responsive Rho-family GTPase (with RHOA/C),"Xiong, Database (Oxford), 2024 [PMC11131424]",,,
Cytoskeleton & contractility,RHOC,Rhoc,Curated panel,Both,High,RhoC,cancer-progression RhoGTPase,"Vega, FEBS Lett, 2008 [PMID 18460342]",,,Pollard & Cooper 2009 [Science]; Vicente-Manzanares et al. 2009 [Nat Rev MCB]
Cytoskeleton & contractility,RND2,Rnd2,Cosgrove 2025 (mechano-enhancers),Both,Medium,Rnd2 (atypical Rho GTPase),Rho-family GTPase; stiffness-responsive cytoskeletal regulator,"Cosgrove, Science, 2025 [PMC13005951]",,,
Cytoskeleton & contractility,RND3,Rnd3,Xiong 2025 (MechanoGEPred),Both,Medium,RhoE (RND3),atypical Rho GTPase; ROCK antagonist,"Xiong, BioData Min, 2025 [PMC12625330]",,,
Cytoskeleton & contractility,ROCK1,Rock1,Curated panel,Both,High,ROCK1,"Rho-kinase, phosphorylates MLC + MYPT1","Riento, Nat Rev MCB, 2003 [PMID 12778124]",Javed 2025; Koester 2021,,Pollard & Cooper 2009 [Science]; Vicente-Manzanares et al. 2009 [Nat Rev MCB]
Cytoskeleton & contractility,ROCK2,Rock2,Curated panel,Both,High,ROCK2,Rho-kinase isoform,"Riento, Nat Rev MCB, 2003 [PMID 12778124]",Bonjoch 2025,,Pollard & Cooper 2009 [Science]; Vicente-Manzanares et al. 2009 [Nat Rev MCB]
Cytoskeleton & contractility,STMN1,Stmn1,Xiong 2025 (MechanoGEPred),Both,Medium,Stathmin-1,microtubule-dynamics regulator,"Xiong, BioData Min, 2025 [PMC12625330]",,,
Cytoskeleton & contractility,SVIL,Svil,Cosgrove 2025 (mechano-enhancers),Both,Medium,Supervillin,actin-membrane mechano-linker,"Cosgrove, Science, 2025 [PMC13005951]",Villeneuve 2026,,
Cytoskeleton & contractility,TAGLN,Tagln,Villeneuve 2024 (HF morphogenesis),Dermis,Medium,Transgelin / SM22-alpha,canonical stretch-responsive actin-binding protein (with TAGLN2),"Villeneuve, Nat Cell Biol, 2024 [PMC10866703]; Assinder, Int J Biochem Cell Biol, 2009 [PMID 18378184]",Aguilera-Stewart 2025; McCreery 2025; Urbanska 2024,,
Cytoskeleton & contractility,TAGLN2,Tagln2,Aragona 2020 (scRNA DEGs),Both,Medium,Transgelin-2,actin-binding stress-fibre stabiliser; stretch-responsive,"Aragona, Nature, 2020 [PMC7116042]",,Stretch-induced actin-binding protein,
Cytoskeleton & contractility,TPM1,Tpm1,Aragona 2020 (scRNA DEGs),Both,Medium,Tropomyosin-1,actin-filament stabiliser; actomyosin contractility,"Aragona, Nature, 2020 [PMC7116042]; Gunning, J Cell Sci, 2008 [PMID 18195081]",,Stretch-induced tropomyosin,
Cytoskeleton & contractility,TPM2,Tpm2,Aragona 2020 (scRNA DEGs),Both,Medium,Tropomyosin-2,actin-filament stabiliser; actomyosin contractility,"Aragona, Nature, 2020 [PMC7116042]",Xiong 2024,Stretch-induced tropomyosin,
Cytoskeleton & contractility,TPM4,Tpm4,Villeneuve 2024 (HF morphogenesis),Both,Medium,Tropomyosin-4,actin-filament stabiliser; actomyosin contractility,"Villeneuve, Nat Cell Biol, 2024 [PMC10866703]",,,
Cytoskeleton & contractility,TTN,Ttn,Xiong 2025 (MechanoGEPred),Both,Low,Titin,giant sarcomeric mechanosensor/spring,"Xiong, BioData Min, 2025 [PMC12625330]",,,
Cytoskeleton & contractility,WAS,Was,Xiong 2025 (MechanoGEPred),Both,Medium,WASP (WAS),Arp2/3 actin-nucleation activator,"Xiong, BioData Min, 2025 [PMC12625330]",,,
Dermo-epidermal junction / hemidesmosome,COL7A1,Col7a1,Skin/psoriasis review,Both,Medium,Collagen VII alpha-1,anchoring fibrils tethering basement membrane to dermis (load-bearing),"Bruckner-Tuderman, Dermatol Clin, 2009 [PMID 19945622]",Kaivola 2026; Koester 2021,Mechanical dermo-epidermal tether; lost in recessive dystrophic EB,
Dermo-epidermal junction / hemidesmosome,COL17A1,Col17a1,Skin/psoriasis review,Epidermis,High,Collagen XVII alpha-1 (BP180),transmembrane hemidesmosome collagen; basal-keratinocyte anchorage,"Has, J Invest Dermatol, 2010 [PMID 20861856]",Villeneuve 2026; Koester 2021; Bonjoch 2025,Hemidesmosome anchorage; bullous pemphigoid / junctional EB,
Dermo-epidermal junction / hemidesmosome,DST,Dst,Skin/psoriasis review,Epidermis,Medium,Dystonin / BPAG1,hemidesmosome cytolinker; anchors keratin to hemidesmosome,"Kunzli, Exp Dermatol, 2016 [PMID 26479498]",Villeneuve 2026,Hemidesmosome cytolinker; EB simplex,
Dermo-epidermal junction / hemidesmosome,LAMA2,Lama2,Cosgrove 2025 (mechano-enhancers),Both,Medium,Laminin alpha-2,basement-membrane laminin (stiffness-responsive),"Cosgrove, Science, 2025 [PMC13005951]",,,
Dermo-epidermal junction / hemidesmosome,LAMA3,Lama3,Skin/psoriasis review,Epidermis,Medium,Laminin alpha-3 (laminin-332),basement-membrane laminin-332; hemidesmosome adhesion ligand,"Aumailley, Matrix Biol, 2013 [PMC3544786]",Fiore 2020; McCreery 2025; Kaivola 2026; Koester 2021,Laminin-332 anchorage; junctional EB,
Dermo-epidermal junction / hemidesmosome,LAMA5,Lama5,Bansaccal 2023 (ECM-tumour),Both,Medium,Laminin alpha-5,basement-membrane laminin; BM composition/stiffness,"Bansaccal, Nature, 2023 [PMC7615367]",,Basement-membrane laminin,
Dermo-epidermal junction / hemidesmosome,LAMB1,Lamb1,Fiore 2020 (tumour mechanics),Both,Medium,Laminin beta-1,major basement-membrane laminin; BM-stiffness axis,"Fiore, Nature, 2020 [PMC7787055]",McCreery 2025; Kaivola 2026,Basement-membrane laminin,
Dermo-epidermal junction / hemidesmosome,LAMB3,Lamb3,Skin/psoriasis review,Epidermis,Medium,Laminin beta-3,laminin-332 chain; hemidesmosome adhesion,"Aumailley, Matrix Biol, 2013 [PMC3544786]",Fiore 2020; Villeneuve 2026; Kaivola 2026; Koester 2021,Laminin-332 anchorage; junctional EB,
Dermo-epidermal junction / hemidesmosome,LAMC2,Lamc2,Skin/psoriasis review,Epidermis,Medium,Laminin gamma-2,laminin-332 chain; keratinocyte BM anchorage & migration,"Aumailley, Matrix Biol, 2013 [PMC3544786]",Fiore 2020; Kaivola 2026; Koester 2021,Laminin-332 anchorage; junctional EB; wound-edge migration,
Dermo-epidermal junction / hemidesmosome,NID1,Nid1,Villeneuve 2024 (HF morphogenesis),Both,Medium,Nidogen-1,basement-membrane bridging protein (links laminin & collagen IV),"Villeneuve, Nat Cell Biol, 2024 [PMC10866703]",Fiore 2020; Kaivola 2026,,
Dermo-epidermal junction / hemidesmosome,PLEC,Plec,Skin/psoriasis review,Both,Medium,Plectin,cytolinker integrating intermediate filaments with hemidesmosomes,"Wiche, 2021",,IF-hemidesmosome cytolinker; EB simplex with muscular dystrophy,
ECM mechano-regulator,BMP1,Bmp1,Xiong 2025 (MechanoGEPred),Dermis,Medium,BMP1 (procollagen C-proteinase),collagen-maturation metalloprotease,"Xiong, BioData Min, 2025 [PMC12625330]",Kaivola 2026,,
ECM mechano-regulator,CILP,Cilp,Cosgrove 2025 (mechano-enhancers),Dermis,Medium,Cartilage intermediate-layer protein,matricellular ECM; top stiffness-responsive gene (TGF-beta-binding),"Cosgrove, Science, 2025 [PMC13005951]",,,
ECM mechano-regulator,DPT,Dpt,Aguilera-Stewart 2025 (fibroblast),Dermis,High,Dermatopontin,dermal ECM proteoglycan; collagen fibrillogenesis,"Aguilera-Stewart, bioRxiv, 2025 [preprint]",,Dermis-specific ECM,
ECM mechano-regulator,EFEMP1,Efemp1,Aguilera-Stewart 2025 (fibroblast),Dermis,Medium,Fibulin-3 (EFEMP1),elastic-fibre matricellular ECM,"Aguilera-Stewart, bioRxiv, 2025 [preprint]",,Elastic-fibre dermal ECM,
ECM mechano-regulator,FBN1,Fbn1,Curated panel,Dermis,High,Fibrillin-1,"elastic-fibre core, sequesters TGF-β","Ramirez, Cell Tissue Res, 2010 [PMC2819175]",Aguilera-Stewart 2025; Fiore 2020,,Bonnans et al. 2014 [Nat Rev MCB]; Cox & Erler 2011 [Dis Model Mech]
ECM mechano-regulator,FGF2,Fgf2,Xiong 2025 (MechanoGEPred),Both,Medium,FGF2 (bFGF),"heparin-binding GF; ECM-sequestered, mechano-released","Xiong, BioData Min, 2025 [PMC12625330]",McCreery 2025,,
ECM mechano-regulator,FSTL3,Fstl3,Xiong 2025 (MechanoGEPred),Both,Medium,Follistatin-like 3,activin/TGF-beta antagonist; mechano-responsive,"Xiong, BioData Min, 2025 [PMC12625330]",,,
ECM mechano-regulator,GREM1,Grem1,Curated panel,Dermis,Medium,Gremlin-1,"BMP antagonist, fibroblast activation","Mulvihill, 2011",,,Bonnans et al. 2014 [Nat Rev MCB]; Cox & Erler 2011 [Dis Model Mech]
ECM mechano-regulator,HTRA1,Htra1,Curated panel,Dermis,High,HtrA1,"secreted serine protease, ECM remodelling","Clausen, Nat Rev MCB, 2011 [PMID 21326199]",Kaivola 2026,,Bonnans et al. 2014 [Nat Rev MCB]; Cox & Erler 2011 [Dis Model Mech]
ECM mechano-regulator,IGFBP2,Igfbp2,Xue 2025 (stretched-skin scRNA-seq),Both,Medium,IGF-binding protein 2,matricellular IGF regulator (with IGFBP5/7); stretch-signature gene,"Xue, Nat Commun, 2025 [PMID 40715139]",Villeneuve 2026; Kaivola 2026,,
ECM mechano-regulator,IGFBP5,Igfbp5,Aguilera-Stewart 2025 (fibroblast),Dermis,Medium,IGF-binding protein 5,matricellular ECM-bound IGF regulator; fibrosis,"Aguilera-Stewart, bioRxiv, 2025 [preprint]",Villeneuve 2026,Stromal matricellular protein,
ECM mechano-regulator,IGFBP7,Igfbp7,Urbanska 2024 (universal mechanics signature),Both,Medium,IGF-binding protein 7 (angiomodulin),matricellular protein; member of the de-novo universal 5-gene cell-mechanics signature (CAV1/FHL2/IGFBP7/TAGLN/THBS1),"Urbanska, eLife, 2025 [PMC11832173]",McCreery 2025; Kaivola 2026,,
ECM mechano-regulator,ITGBL1,Itgbl1,Suriyagandhi 2024 (mechano-inflammation network),Dermis,Medium,Integrin beta-like 1,secreted integrin-modulating ECM protein,"Suriyagandhi, Mechanobiol Med, 2025 [PMC12082120]",,,
ECM mechano-regulator,LOX,Lox,Curated panel,Dermis,High,Lysyl oxidase,collagen/elastin crosslinker — sets matrix stiffness,"Levental, Cell, 2009 [PMID 19931152]",Aguilera-Stewart 2025; Kaivola 2026; Jiang 2024; Enyedi 2016,,Bonnans et al. 2014 [Nat Rev MCB]; Cox & Erler 2011 [Dis Model Mech]
ECM mechano-regulator,LOXL1,Loxl1,Curated panel,Dermis,High,LOX-like 1,elastin crosslinking,"Liu, Nat Genet, 2004 [PMID 14745449]",Kaivola 2026; Koester 2021,,Bonnans et al. 2014 [Nat Rev MCB]; Cox & Erler 2011 [Dis Model Mech]
ECM mechano-regulator,LOXL2,Loxl2,Curated panel,Dermis,High,LOX-like 2,tumour-stroma stiffening enzyme,"Barker, Nat Rev Cancer, 2012 [PMID 22810810]",Kaivola 2026,,Bonnans et al. 2014 [Nat Rev MCB]; Cox & Erler 2011 [Dis Model Mech]
ECM mechano-regulator,LOXL3,Loxl3,Kaivola 2026 (vocal-fold SCC),Dermis,Medium,Lysyl oxidase-like 3,collagen/elastin crosslinker; matrix stiffening (with LOX/LOXL1/2),"Kaivola, Nat Mater, 2026 [PMID 41721007]",,Matrix-stiffening crosslinker,
ECM mechano-regulator,LTBP1,Ltbp1,Curated panel,Dermis,High,LTBP1,"latent TGF-β binding protein, mechano-activated TGF-β release","Annes, J Cell Sci, 2003 [PMID 12482908]",Kaivola 2026,,Bonnans et al. 2014 [Nat Rev MCB]; Cox & Erler 2011 [Dis Model Mech]
ECM mechano-regulator,LTBP2,Ltbp2,Curated panel,Dermis,High,LTBP2,latent TGF-β binding protein 2,"Robertson, Matrix Biol, 2015 [PMC4844006]",Kaivola 2026,,Bonnans et al. 2014 [Nat Rev MCB]; Cox & Erler 2011 [Dis Model Mech]
ECM mechano-regulator,LTBP4,Ltbp4,Suriyagandhi 2024 (mechano-inflammation network),Dermis,Medium,Latent TGF-beta binding protein 4,mechano-activated TGF-beta sequestration (with LTBP1/2),"Suriyagandhi, Mechanobiol Med, 2025 [PMC12082120]",,,
ECM mechano-regulator,MXRA8,Mxra8,Aguilera-Stewart 2025 (fibroblast),Both,Medium,Matrix-remodelling associated 8,cell-surface adhesion/matrix-remodelling protein,"Aguilera-Stewart, bioRxiv, 2025 [preprint]",,Matrix-remodelling adhesion protein,
ECM mechano-regulator,PCOLCE2,Pcolce2,Aguilera-Stewart 2025 (fibroblast),Dermis,Medium,Procollagen C-endopeptidase enhancer 2,collagen maturation; ECM assembly,"Aguilera-Stewart, bioRxiv, 2025 [preprint]",,Collagen-processing dermal ECM,
ECM mechano-regulator,POSTN,Postn,Curated panel,Dermis,Medium,Periostin,"matricellular protein, fibroblast-secreted, fibrotic stroma","Conway, Cell Mol Life Sci, 2014 [PMC3949008]",Aguilera-Stewart 2025; Bansaccal 2023; Kaivola 2026; Xue 2025,,Bonnans et al. 2014 [Nat Rev MCB]; Cox & Erler 2011 [Dis Model Mech]
ECM mechano-regulator,SERPINE1,Serpine1,Skin/psoriasis review,Both,Medium,PAI-1 (Serpin E1),stretch/TGF-beta-induced protease inhibitor; fibrosis & senescence,"Ghosh, J Cell Physiol, 2012 [PMC3204398]",McCreery 2025; Kaivola 2026; Bonjoch 2025; Young 2023,Mechano/TGF-beta-induced; elevated in psoriasis; fibrosis & CV comorbidity,
ECM mechano-regulator,SPARC,Sparc,Literature review,Dermis,High,Osteonectin/SPARC,Matricellular collagen-binding mechano-modulator,"Bradshaw, J Cell Commun Signal, 2009 [PMC2778582]",Aguilera-Stewart 2025; Fiore 2020; Kaivola 2026; Koester 2021; Xue 2025,Stromal remodeling,
ECM mechano-regulator,SPP1,Spp1,Literature review,Dermis,Medium,Osteopontin,Mechano-responsive matricellular protein; stiffness-coupled,"Bradshaw, J Cell Commun Signal, 2009 [PMC2778582]",Kaivola 2026; Hunter 2025; Jiang 2024,Immune/inflammatory matricellular signalling,
ECM mechano-regulator,SULF1,Sulf1,Curated panel,Dermis,High,Sulfatase-1,"removes 6-O-sulfates from heparan sulfate, modulates GF signalling","Rosen, 2010",Kaivola 2026; Bonjoch 2025,,Bonnans et al. 2014 [Nat Rev MCB]; Cox & Erler 2011 [Dis Model Mech]
ECM mechano-regulator,SULF2,Sulf2,Curated panel,Dermis,High,Sulfatase-2,heparan sulfate sulfatase,"Rosen, 2010",Aguilera-Stewart 2025,,Bonnans et al. 2014 [Nat Rev MCB]; Cox & Erler 2011 [Dis Model Mech]
ECM mechano-regulator,TGFB1,Tgfb1,Curated panel,Both,High,TGF-β1,"mechano-activatable cytokine, fibrotic master regulator","Hinz, Matrix Biol, 2015 [PMID 25960420]; Wipff, J Cell Biol, 2007 [PMC2140013]",Xue 2025,,Bonnans et al. 2014 [Nat Rev MCB]; Cox & Erler 2011 [Dis Model Mech]
ECM mechano-regulator,TGFB2,Tgfb2,Curated panel,Both,High,TGF-β2,TGF-β isoform,"Massagué, Nat Rev MCB, 2012 [PMC4027049]",,,Bonnans et al. 2014 [Nat Rev MCB]; Cox & Erler 2011 [Dis Model Mech]
ECM mechano-regulator,TGFB3,Tgfb3,Curated panel,Both,High,TGF-β3,TGF-β isoform,"Massagué, Nat Rev MCB, 2012 [PMC4027049]",,,Bonnans et al. 2014 [Nat Rev MCB]; Cox & Erler 2011 [Dis Model Mech]
ECM mechano-regulator,TGFBI,Tgfbi,Aguilera-Stewart 2025 (fibroblast),Both,Medium,TGF-beta-induced (beta ig-h3),integrin-binding secreted ECM (mechano-adhesion),"Aguilera-Stewart, bioRxiv, 2025 [preprint]",Kaivola 2026; Xiong 2025,Integrin-binding matricellular ECM,
ECM mechano-regulator,TGM2,Tgm2,Young 2023 (single-cell genomechanics),Both,Medium,Transglutaminase 2 (tissue TG),"Ca2+-dependent ECM/protein crosslinker; STRONGEST negative correlate of single-cell stiffness (softer=more TGM2), siRNA knockdown raised stiffness; EMT/ECM remodelling","Young, iScience, 2023 [PMC10074148]",,,
ECM mechano-regulator,THBS1,Thbs1,Curated panel,Dermis,High,Thrombospondin-1,"matricellular, latent TGF-β activator","Adams, CSH Perspect Biol, 2011 [PMC3179333]",Fiore 2020; Bonjoch 2025; Urbanska 2024,,Bonnans et al. 2014 [Nat Rev MCB]; Cox & Erler 2011 [Dis Model Mech]
ECM mechano-regulator,THBS2,Thbs2,Curated panel,Dermis,High,Thrombospondin-2,"matricellular, ECM organization","Adams, CSH Perspect Biol, 2011 [PMC3179333]",Kaivola 2026,,Bonnans et al. 2014 [Nat Rev MCB]; Cox & Erler 2011 [Dis Model Mech]
Endothelial flow-mechano,CDH5,Cdh5,Xiong 2025 (MechanoGEPred),Dermis,Medium,VE-cadherin (CDH5),endothelial junction mechanosensor (flow),"Xiong, BioData Min, 2025 [PMC12625330]",Aguilera-Stewart 2025; Koester 2021,,
Endothelial flow-mechano,EDN1,Edn1,Curated panel,Both,Medium,Endothelin-1,shear-induced vasoactive peptide,"Yanagisawa, Nature, 1988 [PMID 2451132]",,,Davies 2009 [Nat Clin Pract Cardiovasc Med]; Tzima et al. 2005 [Nature]
Endothelial flow-mechano,EDNRA,Ednra,Curated panel,Dermis,High,Endothelin receptor A,ET-1 GPCR,"Yanagisawa, Nature, 1988 [PMID 2451132]",,,Davies 2009 [Nat Clin Pract Cardiovasc Med]; Tzima et al. 2005 [Nature]
Endothelial flow-mechano,ICAM1,Icam1,Xiong 2025 (MechanoGEPred),Both,Medium,ICAM-1,flow-induced endothelial leukocyte-adhesion molecule,"Xiong, BioData Min, 2025 [PMC12625330]",Villeneuve 2026; Xia 2025,,
Endothelial flow-mechano,JAG1,Jag1,Curated panel,Both,Medium,Jagged-1,"Notch ligand, flow-modulated in endothelium","Loerakker, PNAS, 2018 [PMC5910818]",Villeneuve 2026,,Davies 2009 [Nat Clin Pract Cardiovasc Med]; Tzima et al. 2005 [Nature]
Endothelial flow-mechano,KDR,Kdr,Curated panel,Dermis,High,VEGFR2,vascular endothelial growth factor receptor 2; flow-responsive,"Jin, 2003",,,Davies 2009 [Nat Clin Pract Cardiovasc Med]; Tzima et al. 2005 [Nature]
Endothelial flow-mechano,NOS3,Nos3,Xiong 2025 (MechanoGEPred),Dermis,Medium,eNOS (NOS3),shear-stress-activated endothelial NO synthase,"Xiong, BioData Min, 2025 [PMC12625330]",,,
Endothelial flow-mechano,PECAM1,Pecam1,Curated panel,Dermis,High,CD31 / PECAM-1,junctional shear-stress mechanosensor,"Tzima, Nature, 2005 [PMID 16163360]",Aguilera-Stewart 2025; Javed 2025,,Davies 2009 [Nat Clin Pract Cardiovasc Med]; Tzima et al. 2005 [Nature]
Endothelial flow-mechano,TIE1,Tie1,Curated panel,Dermis,High,Tie1,"endothelial RTK, flow-modulated","Saharinen, 2017",,,Davies 2009 [Nat Clin Pract Cardiovasc Med]; Tzima et al. 2005 [Nature]
Endothelial flow-mechano,VCAM1,Vcam1,Xiong 2025 (MechanoGEPred),Dermis,Medium,VCAM-1,flow-induced endothelial leukocyte-adhesion molecule,"Xiong, BioData Min, 2025 [PMC12625330]",,,
Endothelial flow-mechano,VWF,Vwf,Curated panel,Dermis,High,von Willebrand Factor,shear-induced multimerization,"Sadler, Annu Rev Biochem, 1998 [PMID 9759493]",,,Davies 2009 [Nat Clin Pract Cardiovasc Med]; Tzima et al. 2005 [Nature]
Endothelial flow-mechano (extra),ANGPT1,Angpt1,Curated panel,Dermis,High,Angiopoietin-1,vascular stability ligand for TIE2; flow-induced,"Augustin, Nat Rev MCB, 2009 [PMID 19234476]",,,Mack et al. 2017 [Nat Commun]; Augustin et al. 2009 [Nat Rev MCB]
Endothelial flow-mechano (extra),EFNB2,Efnb2,Xiong 2025 (MechanoGEPred),Dermis,Medium,Ephrin-B2,arterial endothelial guidance/mechano,"Xiong, BioData Min, 2025 [PMC12625330]",,,
Endothelial flow-mechano (extra),FLT1,Flt1,Curated panel,Dermis,High,VEGFR1,"VEGF receptor 1; flow-modulated, partners with KDR","Shibuya, Genes Cancer, 2011 [PMC3411125]",Aguilera-Stewart 2025; Villeneuve 2026,,Mack et al. 2017 [Nat Commun]; Augustin et al. 2009 [Nat Rev MCB]
Endothelial flow-mechano (extra),JAG2,Jag2,Cosgrove 2025 (mechano-enhancers),Both,Medium,Jagged-2,Notch ligand (with JAG1); stiffness-responsive,"Cosgrove, Science, 2025 [PMC13005951]",Villeneuve 2026,,
Endothelial flow-mechano (extra),NOTCH1,Notch1,Curated panel,Both,Medium,NOTCH1,endothelial mechanosensor; directly shear-stress responsive in adult arteries,"Mack, Nat Commun, 2017 [PMC5696341]",Villeneuve 2026; Suriyagandhi 2024; Hunter 2025; Yu 2022,,Mack et al. 2017 [Nat Commun]; Augustin et al. 2009 [Nat Rev MCB]
Endothelial flow-mechano (extra),NOTCH2,Notch2,Villeneuve 2026 (multilayering),Both,Medium,Notch receptor 2,Notch receptor (with NOTCH1); mechano-regulated in epidermal stratification,"Villeneuve, bioRxiv, 2026 [preprint]",Hunter 2025,Notch receptor,
Endothelial flow-mechano (extra),NRP1,Nrp1,Curated panel,Dermis,High,Neuropilin-1,VEGF / semaphorin co-receptor; flow-modulated in endothelium,"Pellet-Many, Biochem J, 2008 [PMID 18363553]",,,Mack et al. 2017 [Nat Commun]; Augustin et al. 2009 [Nat Rev MCB]
Endothelial flow-mechano (extra),NRP2,Nrp2,Xiong 2025 (MechanoGEPred),Dermis,Medium,Neuropilin-2,VEGF/endothelial co-receptor (with NRP1),"Xiong, BioData Min, 2025 [PMC12625330]",Bansaccal 2023,,
Endothelial flow-mechano (extra),VEGFB,Vegfb,Curated panel,Dermis,High,VEGF-B,vascular endothelial growth factor B; flow-modulated,"Olsson, Nat Rev MCB, 2006 [PMID 16633338]",,,Mack et al. 2017 [Nat Commun]; Augustin et al. 2009 [Nat Rev MCB]
Epithelial mechano (extras),EPCAM,Epcam,Curated panel,Epidermis,High,EpCAM,regulates cortical actomyosin contractility and cell stiffness via RhoA,"Hsu, 2016",Aguilera-Stewart 2025,,Hsu et al. 2016 [Oncotarget]; Broussard et al. 2025 [Nat Commun]
Epithelial mechano (extras),KRT1,Krt1,Skin/psoriasis review,Epidermis,High,Keratin 1,suprabasal differentiation keratin (with KRT10); epidermal IF mechanics,"Roth, J Cell Sci, 2012 [PMID 23132931]",Aragona 2020; Fiore 2020; Villeneuve 2026; Yu 2022; Xue 2025,Suprabasal keratin; epidermolytic ichthyosis; downregulated in psoriasis,
Epithelial mechano (extras),KRT5,Krt5,Literature review,Epidermis,High,Keratin 5,Basal keratin; cytoskeletal scaffold,"Ramms, PNAS, 2013 [PMC3831947]",Aragona 2020; Aguilera-Stewart 2025; Fiore 2020; Villeneuve 2026; Xue 2025,Basal keratinocyte compartment,
Epithelial mechano (extras),KRT6A,Krt6a,Literature review,Epidermis,High,Keratin 6A,Inflammatory/stress keratin,"Zhang, 2019",Aragona 2020,Hallmark psoriasis induction,
Epithelial mechano (extras),KRT10,Krt10,Skin/psoriasis review,Epidermis,High,Keratin 10,suprabasal differentiation keratin (with KRT1),"Reichelt, J Cell Sci, 2002 [PMID 12077355]",Aragona 2020; Bansaccal 2023; Fiore 2020; Villeneuve 2026; Yu 2022; Xue 2025,Suprabasal keratin; epidermolytic ichthyosis; downregulated in psoriasis,
Epithelial mechano (extras),KRT14,Krt14,Literature review,Epidermis,High,Keratin 14,Basal keratin; tunes rigidity sensing,"Ramms, PNAS, 2013 [PMC3831947]",Aragona 2020; Aguilera-Stewart 2025; Fiore 2020; Villeneuve 2024; Villeneuve 2026; Koester 2021; Xue 2025; Jiang 2024,Basal keratinocyte compartment,
Epithelial mechano (extras),KRT15,Krt15,Curated panel,Epidermis,High,Keratin 15,sequesters YAP1 (modulates Hippo) in basal keratinocytes,"Sandilands, J Cell Biol, 2026 [PMC9997661]",Aragona 2020; Xue 2025,,Hsu et al. 2016 [Oncotarget]; Broussard et al. 2025 [Nat Commun]
Epithelial mechano (extras),KRT16,Krt16,Literature review,Epidermis,High,Keratin 16,Inflammatory/stress keratin,"Zhang, 2019",Jiang 2024,Hallmark psoriasis induction,
Epithelial mechano (extras),KRT17,Krt17,Literature review,Epidermis,High,Keratin 17,Inflammatory/stress keratin; autoantigen,"Zhang, 2019",Yu 2022; Jiang 2024,Hallmark psoriasis induction; IL-17/STAT3 loop,
Epithelial mechano (extras),KRT19,Krt19,Curated panel,Epidermis,High,Keratin 19,directly couples F-actin to desmosomes; tunes actomyosin force loading,"Broussard, 2025",,,Hsu et al. 2016 [Oncotarget]; Broussard et al. 2025 [Nat Commun]
Epithelial mechano (extras),SPRR3,Sprr3,Curated panel,Epidermis,High,Small proline-rich 3,cyclic strain induces SPRR3 ~5x in VSMCs via α1β1-collagen integrin engagement,"Pyle, Am J Pathol, 2008 [PMC2570146]",,,Hsu et al. 2016 [Oncotarget]; Broussard et al. 2025 [Nat Commun]
FA scaffold (extra),FHL2,Fhl2,Skin/psoriasis review,Both,Medium,Four-and-a-half LIM domains 2,focal-adhesion->nucleus mechanotransducer/co-activator,"Muller, EMBO J, 2002 [PMC125855]",Urbanska 2024,Force-regulated FA-nuclear shuttle co-activator,
FA scaffold (extra),NEDD9,Nedd9,Curated panel,Both,High,NEDD9 / HEF1 / Cas-L,Cas-family force-stretch scaffold; Src kinase substrate; metastasis-associated,"Sawada, Cell, 2006 [PMC2746973]; O'Neill, Cancer Res, 2007 [PMID 17908996]",,,Sawada et al. 2006 [Cell]; O'Neill et al. 2007 [Cancer Res]
Fibrillar / load-bearing ECM,BGN,Bgn,Curated panel,Dermis,High,Biglycan,"SLRP, stretch-induced TLR signalling","Iozzo, Matrix Biol, 2015 [PMC4859157]",,,Mouw et al. 2014 [Nat Rev MCB]; Iozzo & Schaefer 2015 [Matrix Biol]
Fibrillar / load-bearing ECM,COL1A1,Col1a1,Literature review,Dermis,High,Collagen I alpha-1,Principal load-bearing matrix; canonical stiffness substrate,"Bonnans, Nat Rev MCB, 2014 [PMC4316204]",Aguilera-Stewart 2025; Bansaccal 2023; Kaivola 2026; Liu 2026; Jiang 2024,Dermal remodeling,
Fibrillar / load-bearing ECM,COL1A2,Col1a2,Aguilera-Stewart 2025 (fibroblast),Dermis,High,Collagen I alpha-2,type-I collagen chain (with COL1A1); load-bearing dermal ECM,"Aguilera-Stewart, bioRxiv, 2025 [preprint]",Bansaccal 2023; Kaivola 2026,Dermal collagen (down on stretch),
Fibrillar / load-bearing ECM,COL3A1,Col3a1,Literature review,Dermis,High,Collagen III alpha-1,Major dermal fibrillar collagen,"Bonnans, Nat Rev MCB, 2014 [PMC4316204]",Aguilera-Stewart 2025; Kaivola 2026; Liu 2026; Jiang 2024,Dermal remodeling in lesional skin,
Fibrillar / load-bearing ECM,COL5A1,Col5a1,Curated panel,Dermis,High,Collagen V α1,fibrillar collagen V; nucleates collagen-I fibrils,"Wenstrup, J Biol Chem, 2004 [PMID 15383546]",Aguilera-Stewart 2025; Kaivola 2026,,Mouw et al. 2014 [Nat Rev MCB]; Iozzo & Schaefer 2015 [Matrix Biol]
Fibrillar / load-bearing ECM,COL6A1,Col6a1,Xiong 2025 (MechanoGEPred),Dermis,Medium,Collagen VI alpha-1,microfibrillar load-bearing ECM,"Xiong, BioData Min, 2025 [PMC12625330]",Kaivola 2026; Jiang 2024,,
Fibrillar / load-bearing ECM,COL6A2,Col6a2,Young 2023 (single-cell genomechanics),Dermis,High,Collagen VI alpha-2,beaded-filament microfibrillar collagen; dermal ECM & cell-matrix anchorage (genomechanics panel),"Young, iScience, 2023 [PMC10074148]",Fiore 2020; Kaivola 2026,,
Fibrillar / load-bearing ECM,COL11A1,Col11a1,Young 2023 (single-cell genomechanics),Dermis,Medium,Collagen XI alpha-1,minor fibrillar collagen; sets fibril diameter / matrix stiffness (genomechanics panel),"Young, iScience, 2023 [PMC10074148]",Kaivola 2026; Koester 2021,,
Fibrillar / load-bearing ECM,COL14A1,Col14a1,Bansaccal 2023 (ECM-tumour),Dermis,Medium,Collagen XIV alpha-1 (FACIT),FACIT collagen regulating collagen fibrillogenesis & tissue stiffness,"Bansaccal, Nature, 2023 [PMC7615367]",Aguilera-Stewart 2025; Bonjoch 2025,Collagen-fibril/stiffness regulator,
Fibrillar / load-bearing ECM,DCN,Dcn,Curated panel,Dermis,High,Decorin,"small leucine-rich PG, regulates collagen fibrillogenesis","Iozzo, Matrix Biol, 2015 [PMC4859157]",,,Mouw et al. 2014 [Nat Rev MCB]; Iozzo & Schaefer 2015 [Matrix Biol]
Fibrillar / load-bearing ECM,ELN,Eln,Literature review,Dermis,High,Elastin,Elastic-fibre core crosslinked by LOX/LOXL and scaffolded by FBN1,"Wagenseil, 2007",Aguilera-Stewart 2025,Dermal elastic-fibre changes,
Fibrillar / load-bearing ECM,EMILIN1,Emilin1,Villeneuve 2024 (HF morphogenesis),Dermis,Medium,Elastin microfibril interface 1,elastic-fibre ECM; integrin/TGF-beta-coupled,"Villeneuve, Nat Cell Biol, 2024 [PMC10866703]",Kaivola 2026,,
Fibrillar / load-bearing ECM,FN1,Fn1,Literature review,Dermis,High,Fibronectin,Archetypal force-unfolding ECM protein; tension exposes cryptic FnIII/synergy sites,"Vogel, Annu Rev Biophys, 2006 [PMID 16689645]; Smith, PLoS Biol, 2007 [PMC1994993]",Aguilera-Stewart 2025; Villeneuve 2026; Kaivola 2026; Enyedi 2016,EDA+ isoform accumulates in psoriatic epidermis; alpha5beta1 ligand upregulated,
Fibrillar / load-bearing ECM,LUM,Lum,Curated panel,Dermis,High,Lumican,"SLRP, corneal/stromal","Iozzo, Matrix Biol, 2015 [PMC4859157]",Aguilera-Stewart 2025,,Mouw et al. 2014 [Nat Rev MCB]; Iozzo & Schaefer 2015 [Matrix Biol]
Fibrillar / load-bearing ECM,MFAP4,Mfap4,Aguilera-Stewart 2025 (fibroblast),Dermis,Medium,Microfibril-associated protein 4,elastic-fibre/microfibril ECM; integrin-binding,"Aguilera-Stewart, bioRxiv, 2025 [preprint]",,Elastic-fibre dermal ECM,
Fibrillar / load-bearing ECM,PRELP,Prelp,Hunter 2025 (melanoma confinement),Dermis,Medium,Prolargin (PRELP),small leucine-rich proteoglycan; anchors basement membrane to connective-tissue ECM; HMGB2-induced,"Hunter, Nature, 2025 [PMC12611772]",,,
Fibrillar / load-bearing ECM,TNC,Tnc,Curated panel,Dermis,High,Tenascin-C,"matricellular, mechano-responsive ECM","Chiquet-Ehrismann, Cell Adh Migr, 2014 [PMID 24472737]",Aguilera-Stewart 2025; Kaivola 2026; Xue 2025; Jiang 2024,,Mouw et al. 2014 [Nat Rev MCB]; Iozzo & Schaefer 2015 [Matrix Biol]
Focal adhesion / integrin,BCAR1,Bcar1,Curated panel,Both,High,p130Cas/BCAR1,force-stretch substrate; phosphorylated by Src under tension,"Sawada, Cell, 2006 [PMC2746973]",,,Geiger et al. 2009 [Nat Rev MCB]; Sun et al. 2016 [Nat Rev MCB]
Focal adhesion / integrin,CAPN2,Capn2,Aragona 2020 (scRNA DEGs),Both,High,Calpain-2,Ca-dependent protease; cleaves talin/FA proteins under tension,"Aragona, Nature, 2020 [PMC7116042]; Franco, J Cell Sci, 2005 [PMID 16129881]",,Stretch-induced FA-turnover protease,
Focal adhesion / integrin,CD47,Cd47,Curated panel,Both,High,CD47,integrin-associated protein,"Brown, Trends Cell Biol, 2001 [PMID 11306274]",,,Geiger et al. 2009 [Nat Rev MCB]; Sun et al. 2016 [Nat Rev MCB]
Focal adhesion / integrin,FERMT1,Fermt1,Literature review,Epidermis,High,Kindlin-1,Co-mechanosensor with talin at integrin tails,"Sun, Nat Cell Biol, 2019 [PMID 30602766]; Theodosiou, eLife, 2016 [PMC4749545]",,FERMT1 loss causes Kindler syndrome (skin fragility),
Focal adhesion / integrin,FERMT2,Fermt2,Literature review,Both,Medium,Kindlin-2,Co-mechanosensor with talin at integrin tails,"Sun, Nat Cell Biol, 2019 [PMID 30602766]",,General,
Focal adhesion / integrin,ILK,Ilk,Curated panel,Both,High,ILK,integrin-linked kinase scaffold,"Wickström, EMBO J, 2010 [PMC2824469]",Kaivola 2026,,Geiger et al. 2009 [Nat Rev MCB]; Sun et al. 2016 [Nat Rev MCB]
Focal adhesion / integrin,ITGA1,Itga1,Curated panel,Both,High,Integrin α1,collagen receptor partner,"Hynes, Cell, 2002 [PMID 12297042]",Kaivola 2026; Koester 2021; Jiang 2024,,Geiger et al. 2009 [Nat Rev MCB]; Sun et al. 2016 [Nat Rev MCB]
Focal adhesion / integrin,ITGA2,Itga2,Curated panel,Both,High,Integrin α2,collagen receptor partner,"Hynes, Cell, 2002 [PMID 12297042]",Aragona 2020; Kaivola 2026,,Geiger et al. 2009 [Nat Rev MCB]; Sun et al. 2016 [Nat Rev MCB]
Focal adhesion / integrin,ITGA3,Itga3,Curated panel,Epidermis,High,Integrin α3,laminin receptor partner,"Hynes, Cell, 2002 [PMID 12297042]",Kaivola 2026,,Geiger et al. 2009 [Nat Rev MCB]; Sun et al. 2016 [Nat Rev MCB]
Focal adhesion / integrin,ITGA4,Itga4,Curated panel,Dermis,Medium,Integrin α4,VCAM-1 receptor partner,"Hynes, Cell, 2002 [PMID 12297042]",Kaivola 2026,,Geiger et al. 2009 [Nat Rev MCB]; Sun et al. 2016 [Nat Rev MCB]
Focal adhesion / integrin,ITGA5,Itga5,Curated panel,Both,High,Integrin α5,fibronectin receptor partner (with β1),"Hynes, Cell, 2002 [PMID 12297042]",Kaivola 2026,,Geiger et al. 2009 [Nat Rev MCB]; Sun et al. 2016 [Nat Rev MCB]
Focal adhesion / integrin,ITGA6,Itga6,Curated panel,Epidermis,High,Integrin α6,laminin receptor partner,"Hynes, Cell, 2002 [PMID 12297042]",Villeneuve 2026; Kaivola 2026; Koester 2021,,Geiger et al. 2009 [Nat Rev MCB]; Sun et al. 2016 [Nat Rev MCB]
Focal adhesion / integrin,ITGA7,Itga7,Curated panel,Both,High,Integrin α7,muscle/laminin receptor partner,"Hynes, Cell, 2002 [PMID 12297042]",Koester 2021,,Geiger et al. 2009 [Nat Rev MCB]; Sun et al. 2016 [Nat Rev MCB]
Focal adhesion / integrin,ITGA11,Itga11,Kaivola 2026 (vocal-fold SCC),Dermis,Medium,Integrin alpha-11,collagen-binding integrin (a11b1); stromal collagen mechanoreceptor,"Kaivola, Nat Mater, 2026 [PMID 41721007]",,Collagen-binding stromal integrin,
Focal adhesion / integrin,ITGAV,Itgav,Curated panel,Both,High,Integrin αV,vitronectin / RGD receptor partner; mechano-activated TGF-β release,"Wipff, J Cell Biol, 2007 [PMC2140013]",Kaivola 2026; Cosgrove 2025,,Geiger et al. 2009 [Nat Rev MCB]; Sun et al. 2016 [Nat Rev MCB]
Focal adhesion / integrin,ITGAX,Itgax,Curated panel,Dermis,Medium,Integrin αX,leukocyte CR4,"Hynes, Cell, 2002 [PMID 12297042]",Kaivola 2026,,Geiger et al. 2009 [Nat Rev MCB]; Sun et al. 2016 [Nat Rev MCB]
Focal adhesion / integrin,ITGB1,Itgb1,Curated panel,Both,High,Integrin β1,the universal β-subunit; partners 12 α subunits — central mechanosensor,"Hynes, Cell, 2002 [PMID 12297042]",Aragona 2020; Villeneuve 2026; Kaivola 2026; Xue 2025,,Geiger et al. 2009 [Nat Rev MCB]; Sun et al. 2016 [Nat Rev MCB]
Focal adhesion / integrin,ITGB2,Itgb2,Curated panel,Dermis,Medium,Integrin β2,leukocyte adhesion β subunit,"Hynes, Cell, 2002 [PMID 12297042]",Kaivola 2026,,Geiger et al. 2009 [Nat Rev MCB]; Sun et al. 2016 [Nat Rev MCB]
Focal adhesion / integrin,ITGB3,Itgb3,Curated panel,Both,High,Integrin β3,platelet/endothelial β subunit,"Hynes, Cell, 2002 [PMID 12297042]",Kaivola 2026,,Geiger et al. 2009 [Nat Rev MCB]; Sun et al. 2016 [Nat Rev MCB]
Focal adhesion / integrin,ITGB4,Itgb4,Curated panel,Epidermis,High,Integrin β4,hemidesmosome / laminin β subunit,"Hynes, Cell, 2002 [PMID 12297042]",Aguilera-Stewart 2025; Kaivola 2026,,Geiger et al. 2009 [Nat Rev MCB]; Sun et al. 2016 [Nat Rev MCB]
Focal adhesion / integrin,ITGB5,Itgb5,Curated panel,Both,High,Integrin β5,vitronectin β subunit,"Hynes, Cell, 2002 [PMID 12297042]",,,Geiger et al. 2009 [Nat Rev MCB]; Sun et al. 2016 [Nat Rev MCB]
Focal adhesion / integrin,ITGB6,Itgb6,Curated panel,Epidermis,Medium,Integrin β6,"epithelial-restricted, TGF-β activator","Munger, Cell, 1999 [PMID 10025398]",Kaivola 2026,,Geiger et al. 2009 [Nat Rev MCB]; Sun et al. 2016 [Nat Rev MCB]
Focal adhesion / integrin,ITGB7,Itgb7,Curated panel,Dermis,Medium,Integrin β7,mucosal lymphocyte β subunit,"Hynes, Cell, 2002 [PMID 12297042]",Kaivola 2026,,Geiger et al. 2009 [Nat Rev MCB]; Sun et al. 2016 [Nat Rev MCB]
Focal adhesion / integrin,ITGB8,Itgb8,Kaivola 2026 (vocal-fold SCC),Both,Medium,Integrin beta-8,avb8 integrin; mechanically activates latent TGF-beta (with ITGB6),"Kaivola, Nat Mater, 2026 [PMID 41721007]",Cosgrove 2025,TGF-beta-activating integrin,
Focal adhesion / integrin,KANK1,Kank1,Suriyagandhi 2024 (mechano-inflammation network),Both,Medium,KN motif ankyrin repeat 1,focal-adhesion/talin force-coupling; cortical microtubule capture,"Suriyagandhi, Mechanobiol Med, 2025 [PMC12082120]",,,
Focal adhesion / integrin,PTK2,Ptk2,Curated panel,Both,High,FAK,"focal adhesion kinase, central FA mechanosensor","Mitra, Curr Opin Cell Biol, 2006 [PMID 16919435]",,,Geiger et al. 2009 [Nat Rev MCB]; Sun et al. 2016 [Nat Rev MCB]
Focal adhesion / integrin,PTK2B,Ptk2b,Curated panel,Both,High,Pyk2,FAK family kinase,"Lipinski, 2010",,,Geiger et al. 2009 [Nat Rev MCB]; Sun et al. 2016 [Nat Rev MCB]
Focal adhesion / integrin,PXN,Pxn,Curated panel,Both,High,Paxillin,"FA scaffold, phosphorylation hub","Deakin, J Cell Sci, 2008 [PMC2522309]",Kaivola 2026,,Geiger et al. 2009 [Nat Rev MCB]; Sun et al. 2016 [Nat Rev MCB]
Focal adhesion / integrin,RAB25,Rab25,Aragona 2020 (scRNA DEGs),Epidermis,Medium,Rab25,epithelial Rab; integrin (a5b1) recycling driving mechano-migration,"Aragona, Nature, 2020 [PMC7116042]; Caswell, Dev Cell, 2007 [PMID 17925226]",,Stretch-induced integrin-recycling Rab,
Focal adhesion / integrin,RSU1,Rsu1,von Selzam 2026 (mechanomic RNAi screen),Both,Medium,Ras suppressor 1,"LRR adapter of the ILK-PINCH-parvin (IPP) focal-adhesion complex; binds PINCH/LIMS1, tunes adhesion mechano-signalling (fly ics/icarus; DIOPT→RSU1)","von Selzam, Biophys J, 2025 [PMID 41074456]",,,
Focal adhesion / integrin,TLN1,Tln1,Curated panel,Both,High,Talin-1,force-stretch transducer; force unfolds rod domain to expose vinculin sites,"del Rio, Science, 2009 [PMC9339221]; Yao, Sci Rep, 2014 [PMC3980218]",Aragona 2020,,Geiger et al. 2009 [Nat Rev MCB]; Sun et al. 2016 [Nat Rev MCB]
Focal adhesion / integrin,TLN2,Tln2,Curated panel,Both,High,Talin-2,talin isoform,"Calderwood, Nat Rev MCB, 2013 [PMC4116690]",Cosgrove 2025,,Geiger et al. 2009 [Nat Rev MCB]; Sun et al. 2016 [Nat Rev MCB]
Focal adhesion / integrin,TNS2,Tns2,Curated panel,Both,High,Tensin-2,FA tension-sensing component,"Lo, 2017",,,Geiger et al. 2009 [Nat Rev MCB]; Sun et al. 2016 [Nat Rev MCB]
Focal adhesion / integrin,TNS4,Tns4,Curated panel,Both,High,Tensin-4 (CTEN),FA component; cancer metastasis,"Lo, 2017",,,Geiger et al. 2009 [Nat Rev MCB]; Sun et al. 2016 [Nat Rev MCB]
Focal adhesion / integrin,VCL,Vcl,Curated panel,Both,High,Vinculin,force-recruited at FAs; tension reporter via FRET,"Grashoff, Nature, 2010 [PMC2901888]",,,Geiger et al. 2009 [Nat Rev MCB]; Sun et al. 2016 [Nat Rev MCB]
Focal adhesion / integrin,ZYX,Zyx,Curated panel,Both,High,Zyxin,tension-sensitive FA / stress-fibre protein,"Yoshigi, J Cell Biol, 2005 [PMC2171187]",,,Geiger et al. 2009 [Nat Rev MCB]; Sun et al. 2016 [Nat Rev MCB]
Glycocalyx / proteoglycans,CD44,Cd44,Curated panel,Both,High,CD44,"hyaluronan receptor, ezrin-anchored","Ponta, Nat Rev MCB, 2003 [PMID 12511867]",Young 2023; Jiang 2024,,Tarbell & Cancel 2016 [J Intern Med]; Couchman 2010 [Annu Rev Cell Dev Biol]
Glycocalyx / proteoglycans,HAS1,Has1,Aguilera-Stewart 2025 (fibroblast),Both,Medium,Hyaluronan synthase 1,hyaluronan synthesis; glycocalyx mechanics (with HAS2/3),"Aguilera-Stewart, bioRxiv, 2025 [preprint]",,Hyaluronan synthase,
Glycocalyx / proteoglycans,HAS2,Has2,Curated panel,Both,High,Hyaluronan synthase 2,produces hyaluronan,"Toole, Nat Rev Cancer, 2004 [PMID 15229478]",,,Tarbell & Cancel 2016 [J Intern Med]; Couchman 2010 [Annu Rev Cell Dev Biol]
Glycocalyx / proteoglycans,HAS3,Has3,Aragona 2020 (scRNA DEGs),Both,Medium,Hyaluronan synthase 3,hyaluronan synthesis; glycocalyx mechanics (with HAS2),"Aragona, Nature, 2020 [PMC7116042]",Villeneuve 2026,Stretch-induced hyaluronan synthase,
Glycocalyx / proteoglycans,LGALS1,Lgals1,Xiong 2024 (MechanoBase),Both,Medium,Galectin-1,"glycan-binding lectin; ECM/adhesion, mechano-responsive","Xiong, Database (Oxford), 2024 [PMC11131424]",Jiang 2024,,
Glycocalyx / proteoglycans,LGALS9,Lgals9,Jiang 2024 (psoriasis mechano-chemical circuit),Both,Medium,Galectin-9 (LGALS9),DC-secreted galectin-9; binds CD44 on dermal fibroblasts to drive ECM/collagen synthesis and dermal-epidermal-junction stiffening in psoriasis,"Jiang, Cell Rep, 2024 [PMID 39003736]",,Initiates the psoriatic mechano-chemical stiffening circuit (DC->CD44 fibroblast->ECM),
Glycocalyx / proteoglycans,MUC1,Muc1,Curated panel,Epidermis,Medium,Mucin-1,"apical bulky mucin, mechano-cushion in epithelia","Paszek, Nature, 2014 [PMC4487551]",,,Tarbell & Cancel 2016 [J Intern Med]; Couchman 2010 [Annu Rev Cell Dev Biol]
Glycocalyx / proteoglycans,MUC16,Muc16,Curated panel,Not in skin,Low,Mucin-16 / CA125,ovarian / Müllerian mucin,"Felder, 2014",,,Tarbell & Cancel 2016 [J Intern Med]; Couchman 2010 [Annu Rev Cell Dev Biol]
Glycocalyx / proteoglycans,PODXL,Podxl,Curated panel,Dermis,Medium,Podocalyxin,"anti-adhesive sialomucin, podocyte mechanics","Nielsen, J Am Soc Nephrol, 2009 [PMID 19578008]",,,Tarbell & Cancel 2016 [J Intern Med]; Couchman 2010 [Annu Rev Cell Dev Biol]
Glycocalyx / proteoglycans,SDC1,Sdc1,Curated panel,Both,Medium,Syndecan-1,"epithelial syndecan, HSPG","Couchman, Annu Rev CDB, 2010 [PMID 20565253]",,,Tarbell & Cancel 2016 [J Intern Med]; Couchman 2010 [Annu Rev Cell Dev Biol]
Glycocalyx / proteoglycans,SDC4,Sdc4,Curated panel,Both,High,Syndecan-4,"FA-coupled syndecan, mechano-coupled","Bass, 2002",,,Tarbell & Cancel 2016 [J Intern Med]; Couchman 2010 [Annu Rev Cell Dev Biol]
Glycocalyx / proteoglycans,VCAN,Vcan,Curated panel,Dermis,High,Versican,large chondroitin-sulfate proteoglycan,"Wight, Curr Opin Cell Biol, 2002 [PMID 12231358]",Villeneuve 2026,,Tarbell & Cancel 2016 [J Intern Med]; Couchman 2010 [Annu Rev Cell Dev Biol]
Hippo / YAP-TAZ,AMOT,Amot,Curated panel,Both,Medium,Angiomotin,YAP cytoplasmic tether,"Zhao, Genes Dev, 2011 [PMC3012936]",,,Dupont et al. 2011 [Nature]; Halder et al. 2012 [Nat Rev MCB]; Yu & Guan 2013 [Cell]
Hippo / YAP-TAZ,AMOTL2,Amotl2,Curated panel,Both,Medium,Angiomotin-like 2,YAP regulator,"Yi, 2013",McCreery 2025; Kaivola 2026; Cosgrove 2025,,Dupont et al. 2011 [Nature]; Halder et al. 2012 [Nat Rev MCB]; Yu & Guan 2013 [Cell]
Hippo / YAP-TAZ,CCN1,Ccn1,Curated panel,Both,High,CYR61/CCN1,canonical YAP/TAZ target gene,"Zhao, Genes Dev, 2008 [PMC2492741]",Aragona 2020; Villeneuve 2026; Kaivola 2026; Cosgrove 2025; Xiong 2024; Xiong 2025; Urbanska 2024; Huang 2025; Yu 2022,,Dupont et al. 2011 [Nature]; Halder et al. 2012 [Nat Rev MCB]; Yu & Guan 2013 [Cell]
Hippo / YAP-TAZ,CCN2,Ccn2,Curated panel,Dermis,Medium,CTGF/CCN2,canonical YAP/TAZ target gene,"Zhao, Genes Dev, 2008 [PMC2492741]",Aguilera-Stewart 2025; McCreery 2025; Cosgrove 2025; Xiong 2024; Huang 2025; Yu 2022; Rajan 2026,,Dupont et al. 2011 [Nature]; Halder et al. 2012 [Nat Rev MCB]; Yu & Guan 2013 [Cell]
Hippo / YAP-TAZ,CCN3,Ccn3,Hunter 2025 (melanoma confinement),Both,Medium,Cellular communication network factor 3 (NOV/CCN3),CCN-family matricellular protein (with CCN1/CCN2); YAP/TAZ-linked mechano-signalling; HMGB2-induced,"Hunter, Nature, 2025 [PMC12611772]",,,
Hippo / YAP-TAZ,FAT1,Fat1,Curated panel,Both,High,FAT atypical cadherin 1,Hippo upstream regulator,"Sadeqzadeh, 2014",,,Dupont et al. 2011 [Nature]; Halder et al. 2012 [Nat Rev MCB]; Yu & Guan 2013 [Cell]
Hippo / YAP-TAZ,FAT2,Fat2,Curated panel,Both,High,FAT atypical cadherin 2,Hippo regulator,"Sadeqzadeh, 2014",,,Dupont et al. 2011 [Nature]; Halder et al. 2012 [Nat Rev MCB]; Yu & Guan 2013 [Cell]
Hippo / YAP-TAZ,FAT4,Fat4,Curated panel,Both,High,FAT atypical cadherin 4,Hippo upstream regulator (planar polarity),"Cao, Development, 2012 [PMID 22992953]",,,Dupont et al. 2011 [Nature]; Halder et al. 2012 [Nat Rev MCB]; Yu & Guan 2013 [Cell]
Hippo / YAP-TAZ,LATS1,Lats1,Curated panel,Both,High,LATS1,"core Hippo kinase, phosphorylates YAP/TAZ","Yu, Cell, 2013 [PMC3553550]",Huang 2025; Yu 2022,,Dupont et al. 2011 [Nature]; Halder et al. 2012 [Nat Rev MCB]; Yu & Guan 2013 [Cell]
Hippo / YAP-TAZ,LATS2,Lats2,Curated panel,Both,High,LATS2,core Hippo kinase isoform,"Yu, Cell, 2013 [PMC3553550]",Kaivola 2026; Huang 2025,,Dupont et al. 2011 [Nature]; Halder et al. 2012 [Nat Rev MCB]; Yu & Guan 2013 [Cell]
Hippo / YAP-TAZ,NF2,Nf2,Curated panel,Both,High,Merlin/NF2,"Hippo upstream activator, junction-anchored","Striedinger, 2008",Kaivola 2026; Cosgrove 2025,,Dupont et al. 2011 [Nature]; Halder et al. 2012 [Nat Rev MCB]; Yu & Guan 2013 [Cell]
Hippo / YAP-TAZ,STK3,Stk3,Curated panel,Both,High,MST2,Hippo upstream kinase,"Yu, Cell, 2013 [PMC3553550]",,,Dupont et al. 2011 [Nature]; Halder et al. 2012 [Nat Rev MCB]; Yu & Guan 2013 [Cell]
Hippo / YAP-TAZ,STK4,Stk4,Curated panel,Both,High,MST1,Hippo upstream kinase,"Yu, Cell, 2013 [PMC3553550]",,,Dupont et al. 2011 [Nature]; Halder et al. 2012 [Nat Rev MCB]; Yu & Guan 2013 [Cell]
Hippo / YAP-TAZ,TEAD1,Tead1,Literature review,Both,High,TEA domain TF 1,Obligate DNA-binding partner of YAP1/WWTR1 (the transcriptional output),"Zhao, Genes Dev, 2008 [PMC2492741]",Aragona 2020; McCreery 2025; Kaivola 2026; Bonjoch 2025,YAP/TAZ-TEAD upregulated in psoriatic keratinocytes,
Hippo / YAP-TAZ,TEAD2,Tead2,Villeneuve 2024 (HF morphogenesis),Both,Medium,TEA domain TF 2,YAP/TAZ DNA-binding partner (with TEAD1/4),"Villeneuve, Nat Cell Biol, 2024 [PMC10866703]; Zhao, Genes Dev, 2008 [PMC2492741]",,,
Hippo / YAP-TAZ,TEAD3,Tead3,Kaivola 2026 (vocal-fold SCC),Both,Medium,TEA domain TF 3,YAP/TAZ DNA-binding partner (with TEAD1/2/4),"Kaivola, Nat Mater, 2026 [PMID 41721007]",Bonjoch 2025,YAP/TAZ-TEAD effector,
Hippo / YAP-TAZ,TEAD4,Tead4,Literature review,Both,High,TEA domain TF 4,YAP/TAZ DNA-binding partner; epidermal,"Zhao, Genes Dev, 2008 [PMC2492741]",Kaivola 2026; Huang 2025; Yu 2022,YAP/TAZ-TEAD axis in psoriasis,
Hippo / YAP-TAZ,TRAF3IP2,Traf3ip2,Yu 2022 (IL-17A-YAP-AREG),Both,Medium,ACT1 / CIKS (TRAF3IP2),IL-17 receptor adaptor; IL-17A->ACT1->YAP-AREG axis drives psoriatic keratinocyte proliferation,"Yu, J Invest Dermatol, 2022 [PMID 35304250]",Huang 2025; Jiang 2024,TRAF3IP2/ACT1 is a psoriasis-susceptibility gene; couples IL-17A to YAP-AREG keratinocyte proliferation,
Hippo / YAP-TAZ,WWC1,Wwc1,Skin/psoriasis review,Both,Medium,KIBRA (WWC1),upstream Hippo activator; tunes YAP/TAZ mechano-output,"Yu, Genes Dev, 2010 [PMC2912560]",Kaivola 2026,Hippo-pathway regulator upstream of YAP/TAZ,
Hippo / YAP-TAZ,WWTR1,Wwtr1,Curated panel,Both,High,TAZ,"YAP paralogue, mechano-responsive transcription co-activator","Dupont, Nature, 2011 [PMID 21654799]",Aragona 2020; Aguilera-Stewart 2025; Kaivola 2026; Bonjoch 2025; Cosgrove 2025; Xiong 2024; Urbanska 2024; Young 2023; Huang 2025; Yu 2022; Lomakin 2020,,Dupont et al. 2011 [Nature]; Halder et al. 2012 [Nat Rev MCB]; Yu & Guan 2013 [Cell]
Hippo / YAP-TAZ,YAP1,Yap1,Curated panel,Both,High,YAP,the canonical mechano-transcription co-activator,"Dupont, Nature, 2011 [PMID 21654799]",Aragona 2020; Aguilera-Stewart 2025; Bansaccal 2023; Villeneuve 2024; Javed 2025; McCreery 2025; Kaivola 2026; Bonjoch 2025; Cosgrove 2025; Xiong 2024; Urbanska 2024; Young 2023; Hunter 2025; Liu 2026; Huang 2025; Yu 2022; Xue 2025; Jiang 2024; Lomakin 2020; Rajan 2026,,Dupont et al. 2011 [Nature]; Halder et al. 2012 [Nat Rev MCB]; Yu & Guan 2013 [Cell]
Hypoxia / redox / oxidative stress,EPAS1,Epas1,Curated panel,Both,Medium,HIF-2α,"hypoxia-inducible factor 2α; HIF-1α paralogue with distinct target gene set, endothelial-enriched","Keith, Nat Rev Cancer, 2011 [PMC3401912]",Villeneuve 2026; McCreery 2025; Xue 2025,,Keith et al. 2011 [Nat Rev Cancer]; Suzuki & Yamamoto 2017 [J Biol Chem]
Hypoxia / redox / oxidative stress,HIF3A,Hif3a,Xue 2025 (stretched-skin scRNA-seq),Both,Medium,Hypoxia-inducible factor 3-alpha,HIF-family hypoxia TF (with HIF1A/EPAS1); stretch/PIEZO1-induced,"Xue, Nat Commun, 2025 [PMID 40715139]",McCreery 2025,,
Hypoxia / redox / oxidative stress,HMOX1,Hmox1,Xiong 2025 (MechanoGEPred),Both,Medium,Heme oxygenase-1 (HMOX1),oxidative/mechano-stress response enzyme,"Xiong, BioData Min, 2025 [PMC12625330]",,,
Hypoxia / redox / oxidative stress,KEAP1,Keap1,Curated panel,Both,High,KEAP1,NRF2 negative regulator; degrades NRF2 under basal conditions,"Suzuki, 2017",,,Keith et al. 2011 [Nat Rev Cancer]; Suzuki & Yamamoto 2017 [J Biol Chem]
Hypoxia / redox / oxidative stress,NDRG1,Ndrg1,Curated panel,Both,High,NDRG1,N-Myc downstream-regulated; hypoxia / iron / mechanical stress responsive,"Ellen, Carcinogenesis, 2008 [PMID 17916902]",,,Keith et al. 2011 [Nat Rev Cancer]; Suzuki & Yamamoto 2017 [J Biol Chem]
Hypoxia / redox / oxidative stress,NFE2L2,Nfe2l2,Curated panel,Both,High,NRF2,master antioxidant TF; activated by oxidative / mechanical stress,"Suzuki, 2017",Suriyagandhi 2024,,Keith et al. 2011 [Nat Rev Cancer]; Suzuki & Yamamoto 2017 [J Biol Chem]
Hypoxia / redox / oxidative stress,NFE2L3,Nfe2l3,Xiong 2024 (MechanoBase),Both,Medium,NRF3 (NFE2L3),bZIP oxidative-stress TF (with NFE2L2/KEAP1),"Xiong, Database (Oxford), 2024 [PMC11131424]",,,
Intermediate filaments (extra),DES,Des,Curated panel,Dermis,High,Desmin,smooth-muscle / cardiac intermediate filament; mechanical-load responsive,"Capetanaki, Exp Cell Res, 2007 [PMID 17509566]",,,Capetanaki et al. 2007 [Exp Cell Res]; Snider & Omary 2014 [Nat Rev MCB]
Intermediate filaments (extra),VIM,Vim,Literature review,Dermis,Medium,Vimentin,Mesenchymal IF; mechano-protective; migration/EMT; leukocyte transmigration,"Mendez, FASEB J, 2010 [PMC2874471]",Aguilera-Stewart 2025; Villeneuve 2026; Young 2023,Mesenchymal/immune cell infiltration,
Mechano-cell-cycle / proliferation,BIRC5,Birc5,Curated panel,Both,High,Survivin,stiffness → FAK → YAP/E2F1 → survivin; knockdown abolishes stiffness-induced proliferation,"Biber, Am J Physiol Cell Physiol, 2023 [PMC10618027]",Yu 2022,,Biber et al. 2023 [Am J Physiol]; Nakazawa et al. 2016 [PNAS]
Mechano-cell-cycle / proliferation,BMF,Bmf,Cosgrove 2025 (mechano-enhancers),Both,Medium,BCL2-modifying factor,pro-apoptotic BH3-only protein under mechanosensitive-enhancer control (soft->BMF->anoikis),"Cosgrove, Science, 2025 [PMC13005951]",,,
Mechano-cell-cycle / proliferation,CDKN1A,Cdkn1a,Curated panel,Both,High,p21 / CIP1,mechano-coupled (Nakazawa 2016 in vitro: soft → FHL2 → p21); in vivo cervical = compressed-core epithelial cluster,"Nakazawa, PNAS, 2016 [PMC5098635]",,,Biber et al. 2023 [Am J Physiol]; Nakazawa et al. 2016 [PNAS]
Mechano-cell-cycle / proliferation,E2F1,E2f1,Aragona 2020 (main text),Both,Medium,E2F transcription factor 1,cell-cycle TF; stretch-induced proliferation,"Aragona, Nature, 2020 [PMC7116042]",,Stretch-induced proliferation TF,
Mechano-cell-cycle / proliferation,KLF5,Klf5,Curated panel,Epidermis,Medium,Krüppel-like factor 5,"stiff matrix → KLF5↑ / KLF4↓ via ERK/YAP1 in renal fibroblasts (mechano-TF, distinct from KLF2/KLF4 shear-flow)","Chen, 2015",Fiore 2020,,Biber et al. 2023 [Am J Physiol]; Nakazawa et al. 2016 [PNAS]
Mechano-cell-cycle / proliferation,MYC,Myc,Aragona 2020 (regulons),Both,High,c-Myc,stiffness/YAP->Myc proliferation hub,"Aragona, Nature, 2020 [PMC7116042]",Bansaccal 2023; Villeneuve 2024; Cosgrove 2025,c-Myc upregulated in psoriatic epidermis,
Mechano-cell-cycle / proliferation,RRM2,Rrm2,Jiang 2024 (psoriasis mechano-chemical circuit),Epidermis,Medium,Ribonucleotide reductase M2 (RRM2),HMGB2-regulated effector of basal keratinocyte hyperproliferation under dermal stiffening (psoriasis),"Jiang, Cell Rep, 2024 [PMID 39003736]",,HMGB2-RRM2 axis drives basal epidermal hyperproliferation in psoriatic lesions,
Mechano-EMT TFs,SNAI1,Snai1,Curated panel,Dermis,Low,Snail-1,"EMT master TF, mechano-induced","Cano, Nat Cell Biol, 2000 [PMID 10655586]",,,Lamouille et al. 2014 [Nat Rev MCB]; Yang & Weinberg 2008 [Cell]
Mechano-EMT TFs,SNAI2,Snai2,Curated panel,Both,Low,Slug / Snail-2,EMT TF,"Cano, Nat Cell Biol, 2000 [PMID 10655586]",Young 2023,,Lamouille et al. 2014 [Nat Rev MCB]; Yang & Weinberg 2008 [Cell]
Mechano-EMT TFs,SNAI3,Snai3,Cosgrove 2025 (mechano-enhancers),Both,Medium,Snail family TF 3,Snail-family EMT TF (with SNAI1/2); mechanosensitive footprint,"Cosgrove, Science, 2025 [PMC13005951]",,,
Mechano-EMT TFs,TWIST1,Twist1,Curated panel,Dermis,Low,Twist-1,"bHLH EMT TF, stretch-induced","Yang, 2004",Young 2023; Rajan 2026,,Lamouille et al. 2014 [Nat Rev MCB]; Yang & Weinberg 2008 [Cell]
Mechano-EMT TFs,TWIST2,Twist2,Curated panel,Dermis,Low,Twist-2,Twist paralogue,"Sosic, Cell, 2003 [PMID 12553906]",Villeneuve 2024,,Lamouille et al. 2014 [Nat Rev MCB]; Yang & Weinberg 2008 [Cell]
Mechano-EMT TFs,ZEB1,Zeb1,Curated panel,Dermis,Low,ZEB1,EMT zinc-finger TF,"Krebs, Nat Cell Biol, 2017 [PMID 28414315]",McCreery 2025; Young 2023,,Lamouille et al. 2014 [Nat Rev MCB]; Yang & Weinberg 2008 [Cell]
Mechano-EMT TFs,ZEB2,Zeb2,Curated panel,Dermis,Low,ZEB2,EMT TF,"Krebs, Nat Cell Biol, 2017 [PMID 28414315]",Young 2023,,Lamouille et al. 2014 [Nat Rev MCB]; Yang & Weinberg 2008 [Cell]
Mechano-flow / hormone / channel (extras),CASR,Casr,Literature review,Epidermis,Medium,Calcium-sensing receptor,Mechano/Ca-sensing GPCR; keratinocyte differentiation; Wnt coupling,"Tu, 2019",,Differentiation defects in psoriasis,
Mechano-flow / hormone / channel (extras),CFTR,Cftr,Curated panel,Appendages,Medium,CFTR Cl⁻ channel,directly activated by hydrostatic pressure and cell-volume increase (membrane stretch),"Vitzthum, Biochim Biophys Acta, 2015 [PMID 26357939]",von Selzam 2026,,Sabine et al. 2012 [Dev Cell]; Tan et al. 2021 [Nat Commun]
Mechano-flow / hormone / channel (extras),ESR1,Esr1,Curated panel,Both,Low,Estrogen receptor α,"matrix stiffness / compressive stress activates p38 + H3K27me3, upregulating ERα in breast cancer explants","Tan, 2021",,,Sabine et al. 2012 [Dev Cell]; Tan et al. 2021 [Nat Commun]
Mechano-flow / hormone / channel (extras),PROX1,Prox1,Curated panel,Dermis,High,Prospero homeobox 1,oscillatory shear stress upregulates PROX1 in lymphatic endothelium; canonical OSS mechano-TF for valve formation,"Sabine, Dev Cell, 2012 [PMID 22306086]",Aguilera-Stewart 2025,,Sabine et al. 2012 [Dev Cell]; Tan et al. 2021 [Nat Commun]
Mechano-GPCR / discoidin,ADGRA2,Adgra2,Curated panel,Dermis,Medium,GPR124,"adhesion GPCR, vascular development","Scholz, 2017",,,Scholz et al. 2017 [Cell Mol Life Sci]; Leitinger 2014 [Int Rev Cell Mol Biol]
Mechano-GPCR / discoidin,ADGRE5,Adgre5,Curated panel,Both,High,CD97,"adhesion GPCR, leukocyte/epithelial","Scholz, 2017",,,Scholz et al. 2017 [Cell Mol Life Sci]; Leitinger 2014 [Int Rev Cell Mol Biol]
Mechano-GPCR / discoidin,ADGRL4,Adgrl4,Curated panel,Dermis,Medium,ELTD1,"endothelial adhesion GPCR, flow-responsive","Masiero, Cancer Cell, 2013 [PMC3743050]",,,Scholz et al. 2017 [Cell Mol Life Sci]; Leitinger 2014 [Int Rev Cell Mol Biol]
Mechano-GPCR / discoidin,AREG,Areg,Aragona 2020 (scRNA DEGs),Epidermis,Medium,Amphiregulin,EGFR ligand; stretch-induced keratinocyte proliferation,"Aragona, Nature, 2020 [PMC7116042]",Huang 2025; Yu 2022; Jiang 2024,Amphiregulin elevated in psoriasis (EGFR axis),
Mechano-GPCR / discoidin,DDR1,Ddr1,Curated panel,Epidermis,Medium,DDR1,"collagen-binding receptor tyrosine kinase, slow-activated by triple helix","Vogel, Mol Cell, 1997 [PMID 9659899]",,,Scholz et al. 2017 [Cell Mol Life Sci]; Leitinger 2014 [Int Rev Cell Mol Biol]
Mechano-GPCR / discoidin,DDR2,Ddr2,Curated panel,Dermis,Medium,DDR2,fibrillar-collagen RTK,"Vogel, Mol Cell, 1997 [PMID 9659899]",McCreery 2025,,Scholz et al. 2017 [Cell Mol Life Sci]; Leitinger 2014 [Int Rev Cell Mol Biol]
Mechano-GPCR / discoidin,EGFR,Egfr,Literature review,Epidermis,Medium,EGF receptor,Keratinocyte proliferation hub; mechano-activated,"Furue, Int J Mol Sci, 2020 [PMC7013594]",Aragona 2020; Javed 2025; Suriyagandhi 2024; Young 2023; Liu 2026,EGFR-ERK-CCL20 axis in Koebnerization,
Mechano-GPCR / discoidin,FGFR1,Fgfr1,Xiong 2025 (MechanoGEPred),Both,Medium,FGFR1,RTK; ECM/stiffness-coupled FGF signalling,"Xiong, BioData Min, 2025 [PMC12625330]",McCreery 2025,,
Mechano-GPCR / discoidin,IGF1R,Igf1r,Xiong 2025 (MechanoGEPred),Both,Medium,IGF1R,RTK; mechano-responsive growth signalling,"Xiong, BioData Min, 2025 [PMC12625330]",,,
Mechano-GPCR / discoidin,MET,Met,Xiong 2025 (MechanoGEPred),Both,Medium,MET (HGF receptor),RTK; mechano-responsive at adhesions,"Xiong, BioData Min, 2025 [PMC12625330]",Young 2023,,
Mechano-GPCR / discoidin,PLXNB2,Plxnb2,Xiong 2025 (MechanoGEPred),Both,Medium,Plexin-B2,semaphorin receptor; cytoskeletal mechano-guidance,"Xiong, BioData Min, 2025 [PMC12625330]",,,
Mechano-GPCR / discoidin,PLXND1,Plxnd1,Xiong 2025 (MechanoGEPred),Dermis,Medium,Plexin-D1,semaphorin receptor; endothelial mechano-guidance,"Xiong, BioData Min, 2025 [PMC12625330]",,,
Mechano-GPCR / discoidin,TGFA,Tgfa,Aragona 2020 (scRNA DEGs),Epidermis,Medium,TGF-alpha,EGFR ligand feeding the stretch EGFR-Ras-MAPK-AP1 axis,"Aragona, Nature, 2020 [PMC7116042]",,TGF-alpha overexpressed in psoriasis; keratinocyte hyperproliferation,
Mechano-kinase,CSK,Csk,Curated panel,Both,High,C-terminal Src kinase,negative regulator of SRC family,"Okada, Int J Biol Sci, 2012 [PMC3492796]",,,Mitra & Schlaepfer 2006 [Curr Opin Cell Biol]; Kim & Sheetz 2008 [J Cell Sci]
Mechano-kinase,FYN,Fyn,Curated panel,Both,High,Fyn,"SRC family kinase, FA signalling","Kim, 2008",Kaivola 2026,,Mitra & Schlaepfer 2006 [Curr Opin Cell Biol]; Kim & Sheetz 2008 [J Cell Sci]
Mechano-kinase,JAK1,Jak1,Curated panel,Both,High,JAK1,"Janus kinase, cytokine + mechano-IL signalling","Yamaoka, Genome Biol, 2004 [PMC545791]",,,Mitra & Schlaepfer 2006 [Curr Opin Cell Biol]; Kim & Sheetz 2008 [J Cell Sci]
Mechano-kinase,JAK2,Jak2,Curated panel,Both,High,JAK2,Janus kinase isoform,"Yamaoka, Genome Biol, 2004 [PMC545791]",,,Mitra & Schlaepfer 2006 [Curr Opin Cell Biol]; Kim & Sheetz 2008 [J Cell Sci]
Mechano-kinase,PTPN11,Ptpn11,Curated panel,Both,High,SHP2,"phosphatase, mechano-stretch responsive","Tang, Cell, 1995 [PMID 7859288]",,,Mitra & Schlaepfer 2006 [Curr Opin Cell Biol]; Kim & Sheetz 2008 [J Cell Sci]
Mechano-kinase,SGK1,Sgk1,Xiong 2025 (MechanoGEPred),Both,Medium,SGK1,mechano/osmo-activated kinase,"Xiong, BioData Min, 2025 [PMC12625330]",Xia 2025; Li 2025,,
Mechano-kinase,SRC,Src,Curated panel,Both,High,c-Src,prototypical SRC family kinase,"Kim, 2008",Bonjoch 2025; Suriyagandhi 2024; Urbanska 2024; von Selzam 2026; Young 2023,,Mitra & Schlaepfer 2006 [Curr Opin Cell Biol]; Kim & Sheetz 2008 [J Cell Sci]
Mechano-kinase,STAT3,Stat3,Curated panel,Both,High,STAT3,TF activated by JAK kinases; mechano-responsive in stiff stroma,"Hu, 2017",Aragona 2020; McCreery 2025; Suriyagandhi 2024; Urbanska 2024; Huang 2025; Li 2025; Xue 2025,,Mitra & Schlaepfer 2006 [Curr Opin Cell Biol]; Kim & Sheetz 2008 [J Cell Sci]
Mechano-kinase,YES1,Yes1,Curated panel,Both,High,Yes,SRC family kinase,"Kim, 2008",,,Mitra & Schlaepfer 2006 [Curr Opin Cell Biol]; Kim & Sheetz 2008 [J Cell Sci]
Mechano-kinase (signaling),AKT1,Akt1,Young 2023 (single-cell genomechanics),Both,High,RAC-alpha kinase (AKT1/PKB),integrin/stiffness→PI3K→Akt mechanotransduction hub; survival & migration (genomechanics panel),"Young, iScience, 2023 [PMC10074148]",Xue 2025,,
Mechano-kinase (signaling),AURKA,Aurka,von Selzam 2026 (mechanomic RNAi screen),Both,High,Aurora kinase A,mitotic kinase; spindle/cortical mechanics - softens mitotic cells (fly aurA),"von Selzam, Biophys J, 2025 [PMID 41074456]",,,
Mechano-kinase (signaling),AURKB,Aurkb,von Selzam 2026 (mechanomic RNAi screen),Both,High,Aurora kinase B,chromosomal-passenger kinase; cytokinesis/cortical mechanics (fly aurB),"von Selzam, Biophys J, 2025 [PMID 41074456]",Aguilera-Stewart 2025,,
Mechano-kinase (signaling),CDK12,Cdk12,von Selzam 2026 (mechanomic RNAi screen),Both,Medium,Cyclin-dependent kinase 12,transcriptional CDK; regulates the F-actin gene program (fly Cdk12),"von Selzam, Biophys J, 2025 [PMID 41074456]",,,
Mechano-kinase (signaling),GSK3B,Gsk3b,von Selzam 2026 (mechanomic RNAi screen),Both,High,Glycogen synthase kinase 3 beta,Wnt / microtubule / Hippo-linked kinase; cytoskeletal mechanics (fly shaggy),"von Selzam, Biophys J, 2025 [PMID 41074456]",,GSK3β regulates keratinocyte proliferation and Wnt/β-catenin & NF-κB signalling in psoriasis,
Mechano-kinase (signaling),MAP3K10,Map3k10,von Selzam 2026 (mechanomic RNAi screen),Both,Low,Mixed-lineage kinase 2 (MAP3K10),mixed-lineage JNK-pathway kinase (fly slipper),"von Selzam, Biophys J, 2025 [PMID 41074456]",,,
Mechano-kinase (signaling),MAP4K3,Map4k3,von Selzam 2026 (mechanomic RNAi screen),Both,Medium,MAP4 kinase 3 (GLK),STE20/GCK kinase; activates Hippo-LATS and TOR (fly happyhour),"von Selzam, Biophys J, 2025 [PMID 41074456]",,,
Mechano-kinase (signaling),NLK,Nlk,von Selzam 2026 (mechanomic RNAi screen),Both,Medium,Nemo-like kinase,MAPK-related kinase; Wnt and TF regulation (fly nemo),"von Selzam, Biophys J, 2025 [PMID 41074456]",,,
Mechano-kinase (signaling),PIK3C2A,Pik3c2a,von Selzam 2026 (mechanomic RNAi screen),Both,Medium,PI3-kinase C2-alpha,class-II PI3K; clathrin/membrane and F-actin mechanics (fly Pi3K68D),"von Selzam, Biophys J, 2025 [PMID 41074456]",,,
Mechano-kinase (signaling),PIK3CA,Pik3ca,Young 2023 (single-cell genomechanics),Both,High,PI3-kinase catalytic alpha (p110α),class-IA PI3K catalytic subunit; integrin/RTK→PIP3 mechanotransduction downstream of matrix stiffness (genomechanics panel),"Young, iScience, 2023 [PMC10074148]",Urbanska 2024,,
Mechano-kinase (signaling),STK24,Stk24,von Selzam 2026 (mechanomic RNAi screen),Both,Medium,"Serine/threonine kinase 24 (MST3, GCKIII)",germinal-centre kinase; STE20/Hippo-related cortical mechanics (fly GckIII),"von Selzam, Biophys J, 2025 [PMID 41074456]",,,
Mechano-kinase (signaling),SYK,Syk,von Selzam 2026 (mechanomic RNAi screen),Both,Medium,Spleen tyrosine kinase,non-receptor Tyr kinase; cortical actin & immune mechano-signalling (fly Shark),"von Selzam, Biophys J, 2025 [PMID 41074456]",Suriyagandhi 2024,SYK in immune-cell signalling (psoriasis inflammation),
Mechano-kinase (signaling),TRIB1,Trib1,von Selzam 2026 (mechanomic RNAi screen),Both,Low,Tribbles pseudokinase 1,pseudokinase scaffold; MAPK and degradation control (fly tribbles),"von Selzam, Biophys J, 2025 [PMID 41074456]",Villeneuve 2026,,
Mechano-lipid metabolism,ACACA,Acaca,Curated panel,Both,High,Acetyl-CoA carboxylase α,rate-limiting enzyme for FA biosynthesis; regulated by AMPK phosphorylation,"Brownsey, Biochem Soc Trans, 2006 [PMID 16545081]",,,Romani et al. 2019 [Nat Cell Biol]; Houtkooper et al. 2012 [Nat Rev MCB]
Mechano-lipid metabolism,ALOX5,Alox5,Enyedi 2016 (cPLA2 nuclear mechanosensor),Both,Medium,Arachidonate 5-lipoxygenase (5-LOX),downstream of mechano-activated cPLA2; converts arachidonic acid to leukotrienes (mechanical damage-induced inflammation),"Enyedi, Cell, 2016 [PMID 27203112]",Bonjoch 2025,5-LOX/leukotriene axis in psoriasis (zileuton target),
Mechano-lipid metabolism,CPT1A,Cpt1a,Curated panel,Both,High,CPT1A,carnitine palmitoyltransferase 1A; rate-limiting for fatty-acid oxidation,"McGarry, Eur J Biochem, 1997 [PMID 9063439]",,,Romani et al. 2019 [Nat Cell Biol]; Houtkooper et al. 2012 [Nat Rev MCB]
Mechano-lipid metabolism,FASN,Fasn,Curated panel,Both,High,Fatty acid synthase,central lipogenic enzyme; mechano-regulated downstream of SREBP,"Menendez, Nat Rev Cancer, 2007 [PMID 17882277]",,,Romani et al. 2019 [Nat Cell Biol]; Houtkooper et al. 2012 [Nat Rev MCB]
Mechano-lipid metabolism,PLA2G4A,Pla2g4a,Enyedi 2016 (cPLA2 nuclear mechanosensor),Both,High,Cytosolic phospholipase A2-alpha (cPLA2α),nuclear-envelope-tension / membrane-stretch-activated phospholipase; releases arachidonic acid for eicosanoid synthesis — the nuclear mechanosensor of cell swelling/confinement,"Enyedi, Cell, 2016 [PMID 27203112]; Lomakin, Science, 2020 [PMID 33060332]; Rajan, Nucleus, 2026 [PMID 41402996]",Lomakin 2020; Rajan 2026,"Rate-limiting source of arachidonic acid for eicosanoid inflammation, upstream of COX-2 (PTGS2)",
Mechano-lipid metabolism,PPARG,Pparg,Curated panel,Appendages,Low,PPAR-γ,adipogenic + lipid-storage TF; mechano-induced on soft matrix,"Tontonoz, Annu Rev Biochem, 2008 [PMID 18518822]",,,Romani et al. 2019 [Nat Cell Biol]; Houtkooper et al. 2012 [Nat Rev MCB]
Mechano-lipid metabolism,SIRT1,Sirt1,Curated panel,Both,High,SIRT1,NAD-dependent deacetylase; metabolic / mechano stress sensor,"Houtkooper, Nat Rev MCB, 2012 [PMC4872805]",Bonjoch 2025; Xia 2025,,Romani et al. 2019 [Nat Cell Biol]; Houtkooper et al. 2012 [Nat Rev MCB]
Mechano-lipid metabolism,SIRT3,Sirt3,Curated panel,Both,High,SIRT3,mitochondrial sirtuin; FA-oxidation regulator,"Hirschey, Nature, 2010 [PMC2841477]",,,Romani et al. 2019 [Nat Cell Biol]; Houtkooper et al. 2012 [Nat Rev MCB]
Mechano-lipid metabolism,SREBF1,Srebf1,Curated panel,Both,High,SREBP-1c,"sterol-regulatory binding TF, FA + TG biosynthesis; mechano-regulated via Lipin-1","Horton, J Clin Invest, 2002 [PMC150968]; Romani, NCB, 2019 [PMID 30718857]",,,Romani et al. 2019 [Nat Cell Biol]; Houtkooper et al. 2012 [Nat Rev MCB]
Mechano-lipid metabolism,SREBF2,Srebf2,Curated panel,Both,High,SREBP-2,cholesterol-biosynthesis SREBP isoform,"Horton, J Clin Invest, 2002 [PMC150968]",,,Romani et al. 2019 [Nat Cell Biol]; Houtkooper et al. 2012 [Nat Rev MCB]
Mechano-lncRNA,H19,H19,Curated panel,Both,Low,H19 (imprinted lncRNA),"mechanical tension induces H19, which sponges miR-138 to derepress FAK and drives osteogenesis","Wu, Bone, 2018 [PMID 29253550]",,,Wu et al. 2018 [Bone]
Mechano-metabolism (extras),PHGDH,Phgdh,Curated panel,Both,High,Phosphoglycerate dehydrogenase,cyclic mechanical strain upregulates serine-biosynthesis pathway in fetal lung type II epithelium,"Wang, Pediatr Res, 2006 [PMID 16864689]",,,Wang et al. 2006 [Pediatr Res]; Chen et al. 2025 [Biomolecules]
Mechano-metabolism (extras),SOST,Sost,Curated panel,Not in skin,High,Sclerostin,canonical osteocyte mechanosensor (load-suppressed); 2025 review extends to extraosseous organs under mechanical stimulation,"Chen, 2025",Liu 2026,,Wang et al. 2006 [Pediatr Res]; Chen et al. 2025 [Biomolecules]
Mechano-metabolism / AMPK-mTOR,MTOR,Mtor,Curated panel,Both,High,mTOR,"central growth-control kinase, mechano-activated via FAK","Saxton, Cell, 2017 [PMC5394987]",,,Hardie et al. 2012 [Nat Rev MCB]; Bays et al. 2017 [Nat Cell Biol]
Mechano-metabolism / AMPK-mTOR,PRKAA1,Prkaa1,Curated panel,Both,High,AMPK α1,"primary AMPK catalytic subunit, load/ATP sensor","Hardie, Nat Rev MCB, 2007 [PMID 17712357]; Bays, Nat Cell Biol, 2017 [PMC5494977]",,,Hardie et al. 2012 [Nat Rev MCB]; Bays et al. 2017 [Nat Cell Biol]
Mechano-metabolism / AMPK-mTOR,PRKAA2,Prkaa2,Xia 2025 (PIEZO1-AMPK cupping),Both,Medium,AMP-activated protein kinase catalytic alpha-2 (AMPKalpha2),AMPK catalytic subunit (with PRKAA1); PIEZO1->AMPK mechano-metabolic restoration,"Xia, J Integr Med, 2025 [PMID 40940233]",Aguilera-Stewart 2025; McCreery 2025,,
Mechano-metabolism / AMPK-mTOR,RICTOR,Rictor,Xiong 2024 (MechanoBase),Both,Medium,RICTOR (mTORC2),mTORC2 scaffold; mechano-Akt signalling (with MTOR),"Xiong, Database (Oxford), 2024 [PMC11131424]",,,
Mechano-metabolism / autophagy-ISR,ATF4,Atf4,Curated panel,Both,High,ATF4,integrated stress response master TF,"Pakos-Zebrucka, EMBO Rep, 2016 [PMC5048378]",Aragona 2020; McCreery 2025,,Pakos-Zebrucka et al. 2016 [EMBO Rep]; Mizushima 2011 [Cell]
Mechano-metabolism / autophagy-ISR,SQSTM1,Sqstm1,Curated panel,Both,High,p62/SQSTM1,"autophagy receptor, mechano-stretch induced","Komatsu, Cell, 2007 [PMID 18083104]",,,Pakos-Zebrucka et al. 2016 [EMBO Rep]; Mizushima 2011 [Cell]
Mechano-metabolism / autophagy-ISR,ULK1,Ulk1,Xiong 2025 (MechanoGEPred),Both,Medium,ULK1,autophagy-initiating kinase; mechano-responsive,"Xiong, BioData Min, 2025 [PMC12625330]",,,
Mechano-metabolism / glycolysis,ALDOA,Aldoa,Xue 2025 (stretched-skin scRNA-seq),Both,Medium,Aldolase A,glycolytic enzyme; stretch/PIEZO1-induced (Xue scRNA-seq),"Xue, Nat Commun, 2025 [PMID 40715139]",Xia 2025,,
Mechano-metabolism / glycolysis,HK1,Hk1,Xue 2025 (stretched-skin scRNA-seq),Both,Medium,Hexokinase 1,first committed glycolytic step; PIEZO1-driven glycolytic shift in stretched skin,"Xue, Nat Commun, 2025 [PMID 40715139]",,,
Mechano-metabolism / glycolysis,LDHA,Ldha,Curated panel,Both,High,LDH-A,anaerobic lactate dehydrogenase; Warburg readout,"Vander Heiden, Science, 2009 [PMC2849637]",Xia 2025; Xue 2025,,Vander Heiden et al. 2009 [Science]; Park et al. 2020 [Nat Rev MCB]
Mechano-metabolism / glycolysis,LDHB,Ldhb,Xue 2025 (stretched-skin scRNA-seq),Both,Medium,Lactate dehydrogenase B,lactate/pyruvate interconversion (with LDHA); stretch-induced,"Xue, Nat Commun, 2025 [PMID 40715139]",Bansaccal 2023; Xia 2025,,
Mechano-metabolism / glycolysis,PDK1,Pdk1,Xue 2025 (stretched-skin scRNA-seq),Both,Medium,Pyruvate dehydrogenase kinase 1,gates pyruvate->lactate (aerobic glycolysis); stretch-induced,"Xue, Nat Commun, 2025 [PMID 40715139]",,,
Mechano-metabolism / glycolysis,PFKP,Pfkp,Xue 2025 (stretched-skin scRNA-seq),Both,Medium,"Phosphofructokinase, platelet",rate-limiting glycolytic kinase; PIEZO1-driven,"Xue, Nat Commun, 2025 [PMID 40715139]",,,
Mechano-metabolism / glycolysis,PGK1,Pgk1,Xue 2025 (stretched-skin scRNA-seq),Both,Medium,Phosphoglycerate kinase 1,ATP-generating glycolytic enzyme; stretch/PIEZO1-induced,"Xue, Nat Commun, 2025 [PMID 40715139]",,,
Mechano-metabolism / glycolysis,PKM,Pkm,Curated panel,Both,High,PKM2 / pyruvate kinase M2,mechano-induced glycolytic flux switch,"Vander Heiden, Science, 2009 [PMC2849637]",Xue 2025,,Vander Heiden et al. 2009 [Science]; Park et al. 2020 [Nat Rev MCB]
Mechano-metabolism / glycolysis,SLC2A1,Slc2a1,Xue 2025 (PIEZO1 metabolism-inflammation),Both,Medium,Glucose transporter 1 (GLUT1),glucose uptake; PIEZO1-coordinated glycolytic shift in stretched/growing skin (with LDHA/PKM/HIF1A),"Xue, Nat Commun, 2025 [PMID 40715139]",McCreery 2025,,
Mechano-metabolism / glycolysis,SLC2A3,Slc2a3,Xue 2025 (stretched-skin scRNA-seq),Both,Medium,Glucose transporter 3 (GLUT3),high-affinity glucose import; PIEZO1-driven glycolytic shift (with SLC2A1),"Xue, Nat Commun, 2025 [PMID 40715139]",,,
Mechano-metabolism / HIF,ARNT,Arnt,Aragona 2020 (regulons),Both,High,HIF-1beta (ARNT),obligate dimer partner of HIF1A (hypoxia-mechano),"Aragona, Nature, 2020 [PMC7116042]",McCreery 2025; Bonjoch 2025; Xue 2025,HIF1A partner,
Mechano-metabolism / HIF,HIF1A,Hif1a,Curated panel,Both,High,HIF-1α,master hypoxia TF; mechano-stabilized in tumour cores,"Semenza, Cell, 2012 [PMC3437543]",McCreery 2025; Xue 2025,,Semenza 2012 [Cell]; Tanaka et al. 2018 [Sci Rep]
Mechano-metabolism / HIF,VEGFA,Vegfa,Curated panel,Both,High,VEGF-A,canonical HIF1α target; angiogenic readout,"Forsythe, Mol Cell Biol, 1996 [PMC231459]",Suriyagandhi 2024,,Semenza 2012 [Cell]; Tanaka et al. 2018 [Sci Rep]
Mechano-phosphatase (lipid: myotubularin/inositol),HACD2,Hacd2,von Selzam 2026 (mechanomic RNAi screen),Both,Low,3-hydroxyacyl-CoA dehydratase 2,very-long-chain fatty-acid elongation; membrane lipid composition/mechanics (fly Hacd2),"von Selzam, Biophys J, 2025 [PMID 41074456]",,,
Mechano-phosphatase (lipid: myotubularin/inositol),MTM1,Mtm1,von Selzam 2026 (mechanomic RNAi screen),Both,Medium,Myotubularin 1,PI(3)P 3-phosphatase; membrane/cytoskeleton & muscle mechanics (fly mtm),"von Selzam, Biophys J, 2025 [PMID 41074456]",,,
Mechano-phosphatase (lipid: myotubularin/inositol),MTMR6,Mtmr6,von Selzam 2026 (mechanomic RNAi screen),Both,Medium,Myotubularin-related 6,"PI(3)P / PI(3,5)P2 phosphatase (fly Mtmr6)","von Selzam, Biophys J, 2025 [PMID 41074456]",,,
Mechano-phosphatase (lipid: myotubularin/inositol),MTMR10,Mtmr10,von Selzam 2026 (mechanomic RNAi screen),Both,Low,Myotubularin-related 10 (pseudophosphatase),myotubularin-fold PI-phosphatase (catalytically inactive); membrane trafficking (fly CG14411; DIOPT→MTMR10),"von Selzam, Biophys J, 2025 [PMID 41074456]",,,
Mechano-phosphatase (lipid: myotubularin/inositol),MTMR14,Mtmr14,von Selzam 2026 (mechanomic RNAi screen),Both,Medium,Myotubularin-related 14 (Jumpy),PI-phosphatase; muscle excitation-contraction coupling (fly EDTP),"von Selzam, Biophys J, 2025 [PMID 41074456]",,,
Mechano-phosphatase (lipid: myotubularin/inositol),PLPP1,Plpp1,von Selzam 2026 (mechanomic RNAi screen),Both,Low,Phospholipid phosphatase 1 (PAP2/LPP1),lipid phosphatase; dephosphorylates LPA/S1P/PA - membrane-lipid mechanics & signalling (fly CG11425; DIOPT→PLPP1),"von Selzam, Biophys J, 2025 [PMID 41074456]",,,
Mechano-phosphatase (lipid: myotubularin/inositol),PTEN,Pten,Young 2023 (single-cell genomechanics),Both,High,Phosphatase and tensin homolog,PIP3 3-phosphatase antagonising PI3K-Akt; regulates migration/cytoskeleton & mechanotransduction (genomechanics panel),"Young, iScience, 2023 [PMC10074148]",,,
Mechano-phosphatase (lipid: myotubularin/inositol),SYNJ1,Synj1,von Selzam 2026 (mechanomic RNAi screen),Both,Medium,Synaptojanin 1,inositol-5-phosphatase; membrane/actin dynamics (fly Synj),"von Selzam, Biophys J, 2025 [PMID 41074456]",,,
Mechano-phosphatase (Ser/Thr: PPP/PP2C),CTDNEP1,Ctdnep1,von Selzam 2026 (mechanomic RNAi screen),Both,Medium,CTD nuclear-envelope phosphatase 1 (dullard),HAD/CTD Ser/Thr phosphatase; activates lipin at the nuclear envelope - nuclear-membrane mechanics (fly CG12078; DIOPT→CTDNEP1),"von Selzam, Biophys J, 2025 [PMID 41074456]",,,
Mechano-phosphatase (Ser/Thr: PPP/PP2C),PHLPP1,Phlpp1,von Selzam 2026 (mechanomic RNAi screen),Both,Medium,PH-domain leucine-rich-repeat phosphatase 1,Akt/PKC-dephosphorylating Ser/Thr phosphatase (fly Phlpp),"von Selzam, Biophys J, 2025 [PMID 41074456]",,,
Mechano-phosphatase (Ser/Thr: PPP/PP2C),PPM1A,Ppm1a,von Selzam 2026 (mechanomic RNAi screen),Both,Medium,Protein phosphatase 2C-alpha (PPM1A),metal-dependent Ser/Thr phosphatase; TGFβ-SMAD/stress (fly Pp2C1),"von Selzam, Biophys J, 2025 [PMID 41074456]",,,
Mechano-phosphatase (Ser/Thr: PPP/PP2C),PPM1B,Ppm1b,von Selzam 2026 (mechanomic RNAi screen),Both,Medium,Protein phosphatase 2C-beta (PPM1B),metal-dependent Ser/Thr phosphatase (fly Ppm1),"von Selzam, Biophys J, 2025 [PMID 41074456]",,,
Mechano-phosphatase (Ser/Thr: PPP/PP2C),PPM1F,Ppm1f,von Selzam 2026 (mechanomic RNAi screen),Both,Medium,Protein phosphatase 1F (CaMKP/POPX2),PPM-family Ser/Thr phosphatase; counteracts CaMKII and regulates FAK/integrin motility (fly CG10376; DIOPT→PPM1F),"von Selzam, Biophys J, 2025 [PMID 41074456]",,,
Mechano-phosphatase (Ser/Thr: PPP/PP2C),PPP1CA,Ppp1ca,von Selzam 2026 (mechanomic RNAi screen),Both,High,PP1 catalytic subunit alpha (PP1α),PP1 catalytic subunit; dephosphorylates actomyosin/MLC2 substrates (fly Pp1α-96A),"von Selzam, Biophys J, 2025 [PMID 41074456]",,,
Mechano-phosphatase (Ser/Thr: PPP/PP2C),PPP1CB,Ppp1cb,von Selzam 2026 (mechanomic RNAi screen),Both,High,PP1 catalytic subunit beta (PP1β),PP1β myosin-phosphatase catalytic subunit (flapwing); 2nd-strongest screen hit,"von Selzam, Biophys J, 2025 [PMID 41074456]",,,
Mechano-phosphatase (Ser/Thr: PPP/PP2C),PPP1CC,Ppp1cc,von Selzam 2026 (mechanomic RNAi screen),Both,High,PP1 catalytic subunit gamma (PP1γ),PP1 catalytic subunit (fly Pp1-Y2),"von Selzam, Biophys J, 2025 [PMID 41074456]",,,
Mechano-phosphatase (Ser/Thr: PPP/PP2C),PPP1R2,Ppp1r2,von Selzam 2026 (mechanomic RNAi screen),Both,Medium,Protein phosphatase 1 inhibitor 2 (IPP-2),PP1 catalytic inhibitor; sets PP1 activity toward actomyosin/mitotic substrates (fly CG6380; DIOPT→PPP1R2),"von Selzam, Biophys J, 2025 [PMID 41074456]",,,
Mechano-phosphatase (Ser/Thr: PPP/PP2C),PPP1R7,Ppp1r7,von Selzam 2026 (mechanomic RNAi screen),Both,Medium,PP1 regulatory subunit 7 (sds22),PP1 regulatory subunit; targets PP1 to actomyosin/mitotic substrates,"von Selzam, Biophys J, 2025 [PMID 41074456]",,,
Mechano-phosphatase (Ser/Thr: PPP/PP2C),PPP1R12A,Ppp1r12a,von Selzam 2026 (mechanomic RNAi screen),Both,High,Myosin phosphatase target subunit 1 (MYPT1),"myosin-II phosphatase targeting subunit; dephosphorylates MLC2, directly opposes ROCK (fly Mbs)","von Selzam, Biophys J, 2025 [PMID 41074456]",,,
Mechano-phosphatase (Ser/Thr: PPP/PP2C),PPP1R14B,Ppp1r14b,von Selzam 2026 (mechanomic RNAi screen),Both,Medium,PP1 regulatory subunit 14B (CPI-17 family),CPI-17-family inhibitor of myosin phosphatase (PP1-MYPT1); raises MLC2 phosphorylation/contractility (fly CG17124; DIOPT→PPP1R14B),"von Selzam, Biophys J, 2025 [PMID 41074456]",,,
Mechano-phosphatase (Ser/Thr: PPP/PP2C),PPP2CA,Ppp2ca,von Selzam 2026 (mechanomic RNAi screen),Both,High,PP2A catalytic subunit alpha,PP2A catalytic; actomyosin cortex regulator (fly mts),"von Selzam, Biophys J, 2025 [PMID 41074456]",,,
Mechano-phosphatase (Ser/Thr: PPP/PP2C),PPP2R1A,Ppp2r1a,von Selzam 2026 (mechanomic RNAi screen),Both,High,PP2A scaffold subunit A alpha,PP2A structural A subunit (fly Pp2A-29B),"von Selzam, Biophys J, 2025 [PMID 41074456]",,,
Mechano-phosphatase (Ser/Thr: PPP/PP2C),PPP2R2A,Ppp2r2a,von Selzam 2026 (mechanomic RNAi screen),Both,Medium,PP2A regulatory B55-alpha,PP2A B55 targeting subunit (fly twins),"von Selzam, Biophys J, 2025 [PMID 41074456]",,,
Mechano-phosphatase (Ser/Thr: PPP/PP2C),PPP2R3B,Ppp2r3d,von Selzam 2026 (mechanomic RNAi screen),Both,Medium,PP2A regulatory subunit B''-beta (PR70/PR72),PP2A B'' regulatory/targeting subunit (fly CG4733/PR72; DIOPT→PPP2R3B),"von Selzam, Biophys J, 2025 [PMID 41074456]",,,
Mechano-phosphatase (Ser/Thr: PPP/PP2C),PPP2R5C,Ppp2r5c,von Selzam 2026 (mechanomic RNAi screen),Both,Medium,PP2A regulatory B56-gamma,PP2A B56 targeting subunit (fly widerborst),"von Selzam, Biophys J, 2025 [PMID 41074456]",,,
Mechano-phosphatase (Ser/Thr: PPP/PP2C),PPP3CA,Ppp3ca,von Selzam 2026 (mechanomic RNAi screen),Both,High,Calcineurin catalytic A-alpha (PP2B),Ca2+/calmodulin-dependent phosphatase catalytic subunit; calcineurin-NFAT mechano/Ca signalling (fly Pp2B-14D/CanA),"von Selzam, Biophys J, 2025 [PMID 41074456]",Suriyagandhi 2024; Enyedi 2016,"Calcineurin is the molecular target of cyclosporine/tacrolimus, established systemic psoriasis/dermatitis therapy",
Mechano-phosphatase (Ser/Thr: PPP/PP2C),PPP3R1,Ppp3r1,von Selzam 2026 (mechanomic RNAi screen),Both,High,Calcineurin regulatory B subunit,calcineurin Ca2+-binding regulatory subunit (fly CanB2),"von Selzam, Biophys J, 2025 [PMID 41074456]",,Calcineurin (cyclosporine/tacrolimus target) regulatory subunit,
Mechano-phosphatase (Ser/Thr: PPP/PP2C),PPP4C,Ppp4c,von Selzam 2026 (mechanomic RNAi screen),Both,Medium,PP4 catalytic subunit,PP4 catalytic; centrosome/mitotic mechanics (fly Pp4-19C),"von Selzam, Biophys J, 2025 [PMID 41074456]",,,
Mechano-phosphatase (Ser/Thr: PPP/PP2C),PPP4R2,Ppp4r2,von Selzam 2026 (mechanomic RNAi screen),Both,Medium,PP4 regulatory subunit 2,PP4 regulatory subunit (fly PPP4R2r),"von Selzam, Biophys J, 2025 [PMID 41074456]",,,
Mechano-phosphatase (Ser/Thr: PPP/PP2C),PPP5C,Ppp5c,von Selzam 2026 (mechanomic RNAi screen),Both,Medium,Protein phosphatase 5 catalytic,TPR-domain Ser/Thr phosphatase; Hsp90/stress & ASK1-p38 signalling (fly PpD3; DIOPT→PPP5C),"von Selzam, Biophys J, 2025 [PMID 41074456]",,,
Mechano-phosphatase (Tyr/dual-specificity),ACP1,Acp1,von Selzam 2026 (mechanomic RNAi screen),Both,Medium,"Low-molecular-weight tyrosine phosphatase (LMW-PTP, ACP1)",LMW-PTP; dephosphorylates FAK/PDGFR/ephrin - focal-adhesion mechano-signalling (fly CG14297/LMW-PTP; DIOPT→ACP1),"von Selzam, Biophys J, 2025 [PMID 41074456]",,,
Mechano-phosphatase (Tyr/dual-specificity),CDC25A,Cdc25a,von Selzam 2026 (mechanomic RNAi screen),Both,Medium,Cell division cycle 25A,CDK-activating dual-specificity phosphatase; mitotic entry & cell-cycle-coupled stiffness (fly string) - largest stiffening effect,"von Selzam, Biophys J, 2025 [PMID 41074456]",,,
Mechano-phosphatase (Tyr/dual-specificity),CDC25C,Cdc25c,von Selzam 2026 (mechanomic RNAi screen),Both,Medium,Cell division cycle 25C,CDK1-activating phosphatase; mitotic/meiotic entry (fly twine),"von Selzam, Biophys J, 2025 [PMID 41074456]",,,
Mechano-phosphatase (Tyr/dual-specificity),DUSP9,Dusp9,von Selzam 2026 (mechanomic RNAi screen),Both,Medium,Dual-specificity phosphatase 9 (MKP-4),ERK/MAPK-inactivating phosphatase (fly MKP-4),"von Selzam, Biophys J, 2025 [PMID 41074456]",,,
Mechano-phosphatase (Tyr/dual-specificity),DUSP11,Dusp11,von Selzam 2026 (mechanomic RNAi screen),Both,Low,Dual-specificity phosphatase 11 (RNA 5'-phosphatase),atypical dual-specificity / RNA phosphatase (fly CG13197; DIOPT→DUSP11),"von Selzam, Biophys J, 2025 [PMID 41074456]",,,
Mechano-phosphatase (Tyr/dual-specificity),DUSP14,Dusp14,von Selzam 2026 (mechanomic RNAi screen),Both,Medium,Dual-specificity phosphatase 14 (MKP6),ERK/JNK/p38-inactivating MAP-kinase phosphatase (fly CG15528; DIOPT→DUSP14),"von Selzam, Biophys J, 2025 [PMID 41074456]",,,
Mechano-phosphatase (Tyr/dual-specificity),DUSP22,Dusp22,von Selzam 2026 (mechanomic RNAi screen),Both,Medium,Dual-specificity phosphatase 22 (JKAP/VHX),dephosphorylates FAK and ERK/JNK; adhesion & mechano-signalling (fly CG10089; DIOPT→DUSP22),"von Selzam, Biophys J, 2025 [PMID 41074456]",,,
Mechano-phosphatase (Tyr/dual-specificity),HINT1,Hint1,von Selzam 2026 (mechanomic RNAi screen),Both,Low,Histidine triad nucleotide-binding 1,nucleotide phosphoramidase; tumour-suppressor signalling (fly HINT1),"von Selzam, Biophys J, 2025 [PMID 41074456]",,,
Mechano-phosphatase (Tyr/dual-specificity),PTP4A1,Ptp4a1,von Selzam 2026 (mechanomic RNAi screen),Both,Medium,Phosphatase of regenerating liver 1 (PRL-1),"prenylated PTP; cell-cycle-coupled mechanics, metastasis marker (fly PRL-1)","von Selzam, Biophys J, 2025 [PMID 41074456]",,,
Mechano-phosphatase (Tyr/dual-specificity),PTPMT1,Ptpmt1,von Selzam 2026 (mechanomic RNAi screen),Both,Medium,PTP mitochondrial 1,mitochondrial PTP; cardiolipin/metabolism (fly PTPMT1),"von Selzam, Biophys J, 2025 [PMID 41074456]",,,
Mechano-phosphatase (Tyr/dual-specificity),PTPN1,Ptpn1,von Selzam 2026 (mechanomic RNAi screen),Both,Medium,Protein-tyrosine phosphatase 1B (PTP1B),non-receptor PTP; adhesion/cytoskeleton & insulin/inflammation signalling (fly Ptp61F),"von Selzam, Biophys J, 2025 [PMID 41074456]",,PTP1B modulates inflammatory/STAT signalling,
Mechano-phosphatase (Tyr/dual-specificity),PTPN7,Ptpn7,von Selzam 2026 (mechanomic RNAi screen),Both,Medium,Protein tyrosine phosphatase N7 (HePTP),KIM-family MAP-kinase phosphatase; dephosphorylates ERK (fly PTP-ER / Enhancer-of-Ras1; DIOPT→PTPN7),"von Selzam, Biophys J, 2025 [PMID 41074456]",,,
Mechano-phosphatase (Tyr/dual-specificity),PTPN14,Ptpn14,von Selzam 2026 (mechanomic RNAi screen),Both,Medium,Protein-tyrosine phosphatase N14 (Pez),PTP that restrains YAP/TAZ (Hippo); adhesion-regulated (fly Pez),"von Selzam, Biophys J, 2025 [PMID 41074456]",,YAP/TAZ brake; Hippo pathway in keratinocyte proliferation,
Mechano-phosphatase (Tyr/dual-specificity),PTPN23,Ptpn23,von Selzam 2026 (mechanomic RNAi screen),Both,Medium,HD-PTP (PTPN23),"His-domain PTP; ESCRT, adhesion & migration (fly myopic)","von Selzam, Biophys J, 2025 [PMID 41074456]",Cosgrove 2025,,
Mechano-phosphatase (Tyr/dual-specificity),PTPRD,Ptprd,von Selzam 2026 (mechanomic RNAi screen),Both,Low,Receptor-type PTP delta,receptor tyrosine phosphatase; cell adhesion (fly Ptp36E/Ptp52F),"von Selzam, Biophys J, 2025 [PMID 41074456]",,,
Mechano-phosphatase (Tyr/dual-specificity),PTPRJ,Ptprj,von Selzam 2026 (mechanomic RNAi screen),Both,Medium,Receptor-type PTP eta (DEP-1),receptor PTP; contact-inhibition/adhesion mechanics (fly Ptp10D/Ptp4E),"von Selzam, Biophys J, 2025 [PMID 41074456]",,,
Mechano-phosphatase (Tyr/dual-specificity),SSH1,Ssh1,von Selzam 2026 (mechanomic RNAi screen),Both,High,Slingshot protein phosphatase 1,cofilin phosphatase; reactivates actin severing - strongest screen hit (fly ssh),"von Selzam, Biophys J, 2025 [PMID 41074456]",Aragona 2020,,
Mechano-receptor / Hippo / FA scaffold (extras),AP2M1,Ap2m1,Curated panel,Both,High,AP2 μ-subunit,cargo subunit of tension-sensitive clathrin-mediated endocytosis (membrane-tension regulated),"Boulant, Nat Cell Biol, 2011 [PMC3167020]",,,Jiang et al. 2021 [Nat Commun]; Boulant et al. 2011 [Nat Cell Biol]
Mechano-receptor / Hippo / FA scaffold (extras),ITCH,Itch,Curated panel,Both,High,ITCH E3 ubiquitin ligase,"polyubiquitinates LATS1 for proteasomal degradation, derepressing YAP/TAZ","Ho, PNAS, 2011 [PMC3064387]",,,Jiang et al. 2021 [Nat Commun]; Boulant et al. 2011 [Nat Cell Biol]
Mechano-receptor / Hippo / FA scaffold (extras),PLXNB1,Plxnb1,Curated panel,Both,High,Plexin-B1,"B-plexins sense epidermal crowding/compression; lower cortical stiffness, inactivate YAP","Jiang, 2021",,,Jiang et al. 2021 [Nat Commun]; Boulant et al. 2011 [Nat Cell Biol]
Mechano-receptor / Hippo / FA scaffold (extras),PTPRF,Ptprf,Curated panel,Both,High,LAR receptor phosphatase,localizes to focal adhesions; required for FA assembly via CDK1-c-Abl-Akt axis,"Sarhan, J Cell Sci, 2016 [PMID 27352860]",,,Jiang et al. 2021 [Nat Commun]; Boulant et al. 2011 [Nat Cell Biol]
Mechano-receptor / Hippo / FA scaffold (extras),SLC9A3R1,Nherf1,Curated panel,Both,High,NHERF1 / EBP50,PDZ scaffold gating ezrin open/closed; links apical proteins to F-actin,"Garbett, PLoS One, 2013 [PMC3814156]",,,Jiang et al. 2021 [Nat Commun]; Boulant et al. 2011 [Nat Cell Biol]
Mechano-receptor / Hippo / FA scaffold (extras),SLC9A3R2,Slc9a3r2,Xiong 2024 (MechanoBase),Both,Medium,NHERF2 (SLC9A3R2),PDZ scaffold linking receptors to actin (with NHERF1),"Xiong, Database (Oxford), 2024 [PMC11131424]",,,
Mechano-TF,BACH2,Bach2,Cosgrove 2025 (mechano-enhancers),Both,Medium,BACH2 (bZIP),bZIP transcriptional repressor; mechanosensitive (stiffness-DE),"Cosgrove, Science, 2025 [PMC13005951]",McCreery 2025,,
Mechano-TF,BMAL1,Bmal1,Bonjoch 2025 (BMAL1-YAP ageing),Both,Medium,BMAL1 / ARNTL (circadian bHLH-PAS TF),circadian TF; partners mechanosensitive YAP at enhancers to control epidermal identity & (in ageing) inflammation,"Bonjoch, bioRxiv, 2025 [preprint]",,YAP-partnered enhancer TF driving epidermal inflammation in aged skin,
Mechano-TF,CEBPB,Cebpb,Aragona 2020 (ATAC motifs),Both,Medium,C/EBP-beta,stress/inflammation bZIP; stretch-chromatin motif + expression-up,"Aragona, Nature, 2020 [PMC7116042]",,Inflammation bZIP in psoriatic keratinocytes,
Mechano-TF,CITED2,Cited2,Xiong 2025 (MechanoGEPred),Both,Medium,CITED2,mechano/hypoxia-responsive transcriptional coactivator,"Xiong, BioData Min, 2025 [PMC12625330]",,,
Mechano-TF,EHF,Ehf,Aragona 2020 (ATAC motifs),Epidermis,Medium,ESE-3 / EHF,epithelial-specific ETS TF; stretch-chromatin motif + expression-up,"Aragona, Nature, 2020 [PMC7116042]",,Epidermal ETS TF,
Mechano-TF,ELK1,Elk1,Aragona 2020 (ATAC motifs),Both,Medium,ELK1 (ternary complex factor),ERK-activated TCF; partners SRF to drive immediate-early genes,"Aragona, Nature, 2020 [PMC7116042]; Posern, Trends Cell Biol, 2006 [PMID 17035020]",,ERK-SRF immediate-early axis,
Mechano-TF,ELK3,Elk3,Cosgrove 2025 (mechano-enhancers),Both,Medium,ELK3 (ETS TCF),"mechanosensitive ETS transcription factor (footprint, both cell types)","Cosgrove, Science, 2025 [PMC13005951]",,,
Mechano-TF,ELK4,Elk4,Aragona 2020 (ATAC motifs),Both,Medium,ELK4 / SAP-1 (TCF),ERK-activated TCF; SRF partner (with ELK1),"Aragona, Nature, 2020 [PMC7116042]; Posern, Trends Cell Biol, 2006 [PMID 17035020]",,ERK-SRF immediate-early axis,
Mechano-TF,ETV4,Etv4,Cosgrove 2025 (mechano-enhancers),Both,Medium,ETV4 (PEA3 ETS),mechanosensitive ETS TF (footprint),"Cosgrove, Science, 2025 [PMC13005951]",,,
Mechano-TF,ETV5,Etv5,Cosgrove 2025 (mechano-enhancers),Both,Medium,ETV5 (PEA3 ETS),mechanosensitive ETS TF (footprint),"Cosgrove, Science, 2025 [PMC13005951]",McCreery 2025,,
Mechano-TF,FLI1,Fli1,Cosgrove 2025 (mechano-enhancers),Both,Medium,FLI1 (ETS),mechanosensitive ETS TF (footprint; endothelial),"Cosgrove, Science, 2025 [PMC13005951]",,,
Mechano-TF,FOXC1,Foxc1,Curated panel,Dermis,Medium,FOXC1,"Forkhead TF, endothelial / craniofacial mechano-responsive","Mahlapuu, 2001",McCreery 2025,,Olson & Nordheim 2010 [Nat Rev MCB]; Esnault et al. 2014 [Genes Dev]
Mechano-TF,FOXF1,Foxf1,Cosgrove 2025 (mechano-enhancers),Dermis,Medium,Forkhead box F1,mesenchymal mechano-FOX TF; stiffness-responsive footprint,"Cosgrove, Science, 2025 [PMC13005951]",,,
Mechano-TF,FOXF2,Foxf2,Cosgrove 2025 (mechano-enhancers),Dermis,Medium,Forkhead box F2,mesenchymal mechano-FOX TF; stiffness-responsive footprint,"Cosgrove, Science, 2025 [PMC13005951]",,,
Mechano-TF,FOXO1,Foxo1,Aragona 2020 (regulons),Both,Medium,Forkhead box O1,YAP-FOXO mechano-crosstalk; oxidative/mechanical stress TF,"Aragona, Nature, 2020 [PMC7116042]",,YAP-FOXO mechano-crosstalk,
Mechano-TF,GRHL1,Grhl1,Aragona 2020 (regulons),Epidermis,Medium,Grainyhead-like 1,epidermal barrier TF (completes GRHL2/3),"Aragona, Nature, 2020 [PMC7116042]",,Epidermal barrier TF,
Mechano-TF,GRHL2,Grhl2,Aragona 2020 (main text),Epidermis,High,Grainyhead-like 2,epithelial barrier/adhesion TF; stretch-remodelled chromatin motif,"Aragona, Nature, 2020 [PMC7116042]",,Epidermal barrier/adhesion TF; stretch-chromatin motif,
Mechano-TF,GRHL3,Grhl3,Skin/psoriasis review,Epidermis,High,Grainyhead-like 3,epidermal barrier & wound-migration TF (mechano-responsive),"Ting, Science, 2005 [PMID 15831758]",Aragona 2020; Villeneuve 2026; Bonjoch 2025,Barrier/differentiation TF; barrier dysfunction in psoriasis,
Mechano-TF,HES1,Hes1,Cosgrove 2025 (mechano-enhancers),Both,Medium,HES1 (Notch-effector bHLH),Notch-effector bHLH TF; stiffness-responsive,"Cosgrove, Science, 2025 [PMC13005951]",Bansaccal 2023; Villeneuve 2026,,
Mechano-TF,HES4,(no rodent ortholog),Cosgrove 2025 (mechano-enhancers),Both,Low,HES4 (Notch-effector bHLH),Notch-effector bHLH TF; stiffness-responsive,"Cosgrove, Science, 2025 [PMC13005951]",,,
Mechano-TF,HEY1,Hey1,Cosgrove 2025 (mechano-enhancers),Both,Medium,HEY1 (Notch-effector bHLH),Notch-effector bHLH TF; stiffness-responsive,"Cosgrove, Science, 2025 [PMC13005951]",,,
Mechano-TF,ID1,Id1,Aragona 2020 (scRNA DEGs),Both,Medium,Inhibitor of differentiation 1,stiffness/BMP-responsive bHLH mechano-TF,"Aragona, Nature, 2020 [PMC7116042]",McCreery 2025,Stretch-induced mechano-TF,
Mechano-TF,ID2,Id2,Cosgrove 2025 (mechano-enhancers),Both,Medium,Inhibitor of differentiation 2,bHLH (with ID1/3/4); stiffness-DE in fibroblasts & epithelium,"Cosgrove, Science, 2025 [PMC13005951]",,,
Mechano-TF,ID3,Id3,Aragona 2020 (scRNA DEGs),Both,Medium,Inhibitor of differentiation 3,stiffness/BMP-responsive bHLH mechano-TF,"Aragona, Nature, 2020 [PMC7116042]",,Stretch-induced mechano-TF,
Mechano-TF,ID4,Id4,Cosgrove 2025 (mechano-enhancers),Both,Medium,Inhibitor of differentiation 4,bHLH (with ID1/2/3); stiffness-DE in fibroblasts & epithelium,"Cosgrove, Science, 2025 [PMC13005951]",,,
Mechano-TF,KLF2,Klf2,Aragona 2020 (regulons),Both,Medium,Kruppel-like factor 2,shear-stress/flow-mechanosensitive TF (endothelial mechanotransduction),"Aragona, Nature, 2020 [PMC7116042]; Parmar, J Clin Invest, 2006 [PMC1307560]",Aguilera-Stewart 2025,Flow-mechano TF; vascular,
Mechano-TF,KLF3,Klf3,Cosgrove 2025 (mechano-enhancers),Both,Medium,Kruppel-like factor 3,mechanosensitive KLF TF (footprint),"Cosgrove, Science, 2025 [PMC13005951]",,,
Mechano-TF,KLF4,Klf4,Curated panel,Epidermis,High,KLF4,"Krüppel TF, shear-stress responsive in endothelium","Hamik, J Biol Chem, 2007 [PMID 17339326]",Aragona 2020; McCreery 2025; Bonjoch 2025; Urbanska 2024; Huang 2025; Jiang 2024,,Olson & Nordheim 2010 [Nat Rev MCB]; Esnault et al. 2014 [Genes Dev]
Mechano-TF,KLF7,Klf7,Cosgrove 2025 (mechano-enhancers),Both,Medium,Kruppel-like factor 7,mechanosensitive KLF TF (footprint),"Cosgrove, Science, 2025 [PMC13005951]",,,
Mechano-TF,KLF9,Klf9,Cosgrove 2025 (mechano-enhancers),Both,Medium,Kruppel-like factor 9,mechanosensitive KLF TF; stiffness-DE + footprint,"Cosgrove, Science, 2025 [PMC13005951]",,,
Mechano-TF,KLF10,Klf10,Cosgrove 2025 (mechano-enhancers),Both,Medium,Kruppel-like factor 10,TGF-beta-induced KLF; mechanosensitive footprint,"Cosgrove, Science, 2025 [PMC13005951]",,,
Mechano-TF,MEF2A,Mef2a,Aragona 2020 (regulons),Both,Medium,Myocyte enhancer factor 2A,stretch-responsive TF (Ca/calcineurin-MEF2 mechano-axis),"Aragona, Nature, 2020 [PMC7116042]",,Stretch-responsive mechano-TF,
Mechano-TF,MEF2C,Mef2c,Suriyagandhi 2024 (mechano-inflammation network),Both,Medium,Myocyte enhancer factor 2C,MEF2 mechano-TF (with MEF2A); stiffness-responsive,"Suriyagandhi, Mechanobiol Med, 2025 [PMC12082120]",Koester 2021; Bonjoch 2025,,
Mechano-TF,MRTFA,Mrtfa,Curated panel,Both,High,MRTF-A / MKL1,actin-state-sensitive co-activator of SRF,"Olson, Nat Rev MCB, 2010 [PMC3073350]",Aragona 2020,,Olson & Nordheim 2010 [Nat Rev MCB]; Esnault et al. 2014 [Genes Dev]
Mechano-TF,MRTFB,Mrtfb,Curated panel,Both,High,MRTF-B / MKL2,MRTF paralogue,"Olson, Nat Rev MCB, 2010 [PMC3073350]",,,Olson & Nordheim 2010 [Nat Rev MCB]; Esnault et al. 2014 [Genes Dev]
Mechano-TF,NFKB1,Nfkb1,Aragona 2020 (regulons),Both,High,NF-kB1 (p50),mechano-activated master inflammation TF (downstream of PIEZO1/FA signalling),"Aragona, Nature, 2020 [PMC7116042]; Shutova, Cells, 2022 [PMC9265324]",Bonjoch 2025; Suriyagandhi 2024,PIEZO1->NF-kB->IL-17 axis in psoriasis,
Mechano-TF,NFKBIZ,Nfkbiz,Xiong 2024 (MechanoBase),Both,Medium,IkB-zeta (NFKBIZ),nuclear IkB/NF-kB transcriptional regulator (mechano-inflammation),"Xiong, Database (Oxford), 2024 [PMC11131424]",Bonjoch 2025,,
Mechano-TF,PRRX1,Prrx1,Villeneuve 2024 (HF morphogenesis),Dermis,Medium,Paired-related homeobox 1,mechano-responsive mesenchymal/fibroblast TF,"Villeneuve, Nat Cell Biol, 2024 [PMC10866703]",,,
Mechano-TF,RBPJ,Rbpj,Villeneuve 2026 (multilayering),Both,Medium,RBP-J / CSL (Notch effector),Notch transcriptional effector; mechanically-regulated (stiffness/jamming) epidermal delamination,"Villeneuve, bioRxiv, 2026 [preprint]",,Notch effector; Notch signalling dysregulated in psoriasis,
Mechano-TF,RELA,Rela,Aragona 2020 (regulons),Both,High,NF-kB p65 (RELA),canonical NF-kB activator subunit; mechano-activated,"Aragona, Nature, 2020 [PMC7116042]; Shutova, Cells, 2022 [PMC9265324]",Suriyagandhi 2024; Xia 2025,Central psoriasis NF-kB activator,
Mechano-TF,RUNX1,Runx1,Aragona 2020 (ATAC motifs),Both,Medium,RUNX1,stem-cell/mechano-responsive TF; stretch-chromatin motif + expression-up,"Aragona, Nature, 2020 [PMC7116042]",Villeneuve 2026,Stretch-chromatin + expression; stem-cell TF,
Mechano-TF,RUNX2,Runx2,Aragona 2020 (regulons),Both,Medium,RUNX2,cyclic-stretch-responsive mechano-TF (with RUNX1),"Aragona, Nature, 2020 [PMC7116042]",Aguilera-Stewart 2025; Suriyagandhi 2024; Urbanska 2024,Stretch-active regulon,
Mechano-TF,SOX4,Sox4,Cosgrove 2025 (mechano-enhancers),Both,Medium,SRY-box TF 4,SOX mechano/EMT TF; stiffness-DE in fibroblasts & epithelium,"Cosgrove, Science, 2025 [PMC13005951]",Villeneuve 2026; McCreery 2025,,
Mechano-TF,SOX9,Sox9,Bansaccal 2023 (ECM-tumour),Epidermis,Medium,SRY-box TF 9,stiffness/YAP-responsive reprogramming TF; hair-follicle progenitor,"Bansaccal, Nature, 2023 [PMC7615367]",Villeneuve 2024; Koester 2021; Bonjoch 2025; Hunter 2025,Stiffness/YAP-responsive epidermal TF,
Mechano-TF,SP1,Sp1,Curated panel,Both,High,Sp1,"ubiquitous TF, mechano-modulated targets","Beishline, FEBS J, 2015 [PMID 25393971]",Hunter 2025,,Olson & Nordheim 2010 [Nat Rev MCB]; Esnault et al. 2014 [Genes Dev]
Mechano-TF,SRF,Srf,Curated panel,Both,High,Serum Response Factor,MRTF-partnering TF; integrates actin dynamics,"Posern, Trends Cell Biol, 2006 [PMID 17035020]",Aragona 2020; Cosgrove 2025; Rajan 2026,,Olson & Nordheim 2010 [Nat Rev MCB]; Esnault et al. 2014 [Genes Dev]
Mechano-TF,TFAP2A,Tfap2a,Aragona 2020 (ATAC motifs),Epidermis,Medium,AP-2 alpha (TFAP2A),epidermal master TF; AP-2 stretch-chromatin motif,"Aragona, Nature, 2020 [PMC7116042]",,Epidermal AP-2 master TF,
Mechano-TF,TFAP2C,Tfap2c,Aragona 2020 (regulons),Epidermis,Medium,AP-2 gamma (TFAP2C),epidermal AP-2 TF (with TFAP2A),"Aragona, Nature, 2020 [PMC7116042]",,Epidermal AP-2 TF,
Mechano-TF,TP63,Trp63,Skin/psoriasis review,Epidermis,High,Tumor protein p63 (dNp63),master basal-keratinocyte TF; regulates adhesion/BM & mechano genes,"Senoo, Cell, 2007 [PMID 17482546]",Villeneuve 2026,Master epidermal regulator; dysregulated in psoriatic hyperplasia,
Mechano-translation / RNA / nucleocytoplasmic,EIF5A,Eif5a,Curated panel,Both,High,eIF5A (hypusinated),rate-limiting for collagen-I translation; upregulated in cardiac fibroblast mechanical activation,"Barba-Aliaga, J Cell Sci, 2021 [PMID 34447991]",,,Elosegui-Artola et al. 2017 [Cell]; Hoffman et al. 2010 [J Cell Sci]
Mechano-translation / RNA / nucleocytoplasmic,G3BP1,G3bp1,Xue 2025 (stretched-skin scRNA-seq),Both,Medium,G3BP stress-granule assembly factor 1,stress-granule nucleator; mechano/osmotic-stress translational arrest,"Xue, Nat Commun, 2025 [PMID 40715139]",,,
Mechano-translation / RNA / nucleocytoplasmic,G3BP2,G3bp2,Xue 2025 (stretched-skin scRNA-seq),Both,Medium,G3BP stress-granule assembly factor 2,stress-granule nucleator (with G3BP1); stretched-skin stress response,"Xue, Nat Commun, 2025 [PMID 40715139]",Cosgrove 2025; Young 2023; Rajan 2026,,
Mechano-translation / RNA / nucleocytoplasmic,HSPA8,Hspa8,Curated panel,Both,High,Hsc70,BAG3-Hsc70 binds CapZ to maintain myofibrillar integrity under mechanical stress,"Hoffman, 2010",,,Elosegui-Artola et al. 2017 [Cell]; Hoffman et al. 2010 [J Cell Sci]
Mechano-translation / RNA / nucleocytoplasmic,HSPD1,Hspd1,Curated panel,Both,High,Hsp60 (mitochondrial),mechanical stress + hypoxia upregulates mitochondrial HSP60 in PASMC phenotypic switching,(2025 PASMC paper),,,Elosegui-Artola et al. 2017 [Cell]; Hoffman et al. 2010 [J Cell Sci]
Mechano-translation / RNA / nucleocytoplasmic,NONO,Nono,Curated panel,Both,High,NONO (paraspeckle),core paraspeckle protein; paraspeckle abundance is matrix-stiffness-sensitive,"Todorovski, Mol Biol Cell, 2020 [PMC7521846]",,,Elosegui-Artola et al. 2017 [Cell]; Hoffman et al. 2010 [J Cell Sci]
Mechano-translation / RNA / nucleocytoplasmic,RAN,Ran,Curated panel,Both,High,Ran GTPase,force triggers YAP nuclear entry by regulating Ran-dependent transport (canonical mechano-pore paper),"Elosegui-Artola, Cell, 2017 [PMID 29107331]",,,Elosegui-Artola et al. 2017 [Cell]; Hoffman et al. 2010 [J Cell Sci]
Mechano-translation / RNA / nucleocytoplasmic,SFPQ,Sfpq,Curated panel,Both,High,SFPQ (paraspeckle),"core paraspeckle protein, NEAT1-anchored; matrix-stiffness-sensitive in cancer cells","Todorovski, Mol Biol Cell, 2020 [PMC7521846]",,,Elosegui-Artola et al. 2017 [Cell]; Hoffman et al. 2010 [J Cell Sci]
Mechanosensitive ion channels,ASIC1,Asic1,Curated panel,Dermis,Low,ASIC1,"acid-sensing ion channel, mechano-responsive in some contexts","Page, 2004",,,Murthy et al. 2017 [Nat Rev MCB]; Ranade et al. 2015 [Cell]
Mechanosensitive ion channels,ASIC3,Asic3,Xiong 2025 (MechanoGEPred),Both,Medium,ASIC3,mechanosensitive acid-sensing channel,"Xiong, BioData Min, 2025 [PMC12625330]",,,
Mechanosensitive ion channels,CIB2,Cib2,Xiong 2025 (MechanoGEPred),Both,Low,CIB2,Ca-binding mechanotransduction-complex protein,"Xiong, BioData Min, 2025 [PMC12625330]",Kaivola 2026,,
Mechanosensitive ion channels,KCNK2,Kcnk2,Curated panel,Dermis,Low,TREK-1,"K2P channel, stretch-activated","Honoré, Nat Rev Neurosci, 2007 [PMID 17375039]",,,Murthy et al. 2017 [Nat Rev MCB]; Ranade et al. 2015 [Cell]
Mechanosensitive ion channels,KCNK4,Kcnk4,Suriyagandhi 2024 (mechano-inflammation network),Both,Medium,TRAAK (KCNK4),mechanosensitive K2P channel (with KCNK2/TREK-1),"Suriyagandhi, Mechanobiol Med, 2025 [PMC12082120]",,,
Mechanosensitive ion channels,ORAI1,Orai1,Xiong 2025 (MechanoGEPred),Both,Medium,ORAI1,store-operated/mechanosensitive Ca channel,"Xiong, BioData Min, 2025 [PMC12625330]",,,
Mechanosensitive ion channels,PANX1,Panx1,Xiong 2025 (MechanoGEPred),Both,Medium,Pannexin-1,stretch-gated ATP-release channel (Koebner),"Xiong, BioData Min, 2025 [PMC12625330]",,,
Mechanosensitive ion channels,PIEZO1,Piezo1,Curated panel,Both,High,PIEZO1,the canonical mechanosensitive cation channel,"Coste, Science, 2010 [PMC3062430]",Javed 2025; Xia 2025; Li 2025; Xue 2025; Jiang 2024; Rajan 2026,,Murthy et al. 2017 [Nat Rev MCB]; Ranade et al. 2015 [Cell]
Mechanosensitive ion channels,PIEZO2,Piezo2,Curated panel,Both,Medium,PIEZO2,"neuronal mechanosensitive channel (touch, proprioception)","Coste, Science, 2010 [PMC3062430]; Ranade, Nature, 2014 [PMC4380172]",Javed 2025; Xue 2025,,Murthy et al. 2017 [Nat Rev MCB]; Ranade et al. 2015 [Cell]
Mechanosensitive ion channels,PKD1,Pkd1,Curated panel,Both,High,Polycystin-1,"polycystic kidney protein, ciliary mechanosensor","Nauli, Nat Genet, 2003 [PMID 12514735]",,,Murthy et al. 2017 [Nat Rev MCB]; Ranade et al. 2015 [Cell]
Mechanosensitive ion channels,PKD2,Pkd2,Xiong 2025 (MechanoGEPred),Both,Medium,Polycystin-2 (PKD2),TRPP mechanosensitive channel (with PKD1),"Xiong, BioData Min, 2025 [PMC12625330]",,,
Mechanosensitive ion channels,SCNN1A,Scnn1a,Xiong 2025 (MechanoGEPred),Both,Medium,ENaC-alpha (SCNN1A),mechanosensitive epithelial Na channel,"Xiong, BioData Min, 2025 [PMC12625330]",,,
Mechanosensitive ion channels,TMEM63A,Tmem63a,Xiong 2025 (MechanoGEPred),Both,Medium,TMEM63A (OSCA),mechanosensitive cation channel,"Xiong, BioData Min, 2025 [PMC12625330]",,,
Mechanosensitive ion channels,TMEM63B,Tmem63b,Xiong 2025 (MechanoGEPred),Both,Medium,TMEM63B (OSCA),mechanosensitive cation channel,"Xiong, BioData Min, 2025 [PMC12625330]",,,
Mechanosensitive ion channels,TMEM120A,Tmem120a,Xiong 2025 (MechanoGEPred),Both,Medium,TACAN (TMEM120A),mechanosensitive ion channel,"Xiong, BioData Min, 2025 [PMC12625330]",,,
Mechanosensitive ion channels,TRPA1,Trpa1,Literature review,Both,Medium,TRP ankyrin 1,polymodal mechano-/chemo-sensitive cation channel; nociceptor + keratinocyte,"Story, Cell, 2003 [PMID 12654248]; Kwan, Neuron, 2006 [PMID 16630838]",,Itch & neurogenic inflammation; induces TJ proteins in mechanically disrupted epidermis,
Mechanosensitive ion channels,TRPC1,Trpc1,Curated panel,Both,High,TRPC1,"store-operated TRP, mechano-responsive","Maroto, Nat Cell Biol, 2005 [PMID 15665854]",,,Murthy et al. 2017 [Nat Rev MCB]; Ranade et al. 2015 [Cell]
Mechanosensitive ion channels,TRPC4,Trpc4,Literature review,Both,Medium,TRP canonical 4,store-operated / mechano-modulated Ca2+ channel; keratinocyte differentiation,"Freichel, Nat Cell Biol, 2001 [PMID 11175743]",,Keratinocyte Ca-influx for differentiation; TRPC family suppressed in psoriatic plaques,
Mechanosensitive ion channels,TRPC6,Trpc6,Curated panel,Both,High,TRPC6,"stretch-activated TRP, cardiac","Spassova, PNAS, 2006 [PMC1637625]",,,Murthy et al. 2017 [Nat Rev MCB]; Ranade et al. 2015 [Cell]
Mechanosensitive ion channels,TRPM4,Trpm4,Curated panel,Both,High,TRPM4,Ca²⁺-activated monovalent channel,"Launay, Cell, 2002 [PMID 12015988]",,,Murthy et al. 2017 [Nat Rev MCB]; Ranade et al. 2015 [Cell]
Mechanosensitive ion channels,TRPM7,Trpm7,Curated panel,Both,High,TRPM7,"Mg²⁺-permeable kinase-channel, mechano-implicated","Numata, 2007",,,Murthy et al. 2017 [Nat Rev MCB]; Ranade et al. 2015 [Cell]
Mechanosensitive ion channels,TRPV1,Trpv1,Curated panel,Both,Medium,TRPV1,capsaicin/heat receptor; mechano-modulated,"Caterina, Nature, 1997 [PMID 9349813]",Xia 2025,,Murthy et al. 2017 [Nat Rev MCB]; Ranade et al. 2015 [Cell]
Mechanosensitive ion channels,TRPV3,Trpv3,Literature review,Epidermis,Medium,TRP vanilloid 3,Keratinocyte thermo/mechano channel,"Cheng, Cell, 2010 [PMC2858065]",,Barrier and terminal differentiation; skin-specific,
Mechanosensitive ion channels,TRPV4,Trpv4,Literature review,Both,Medium,TRP vanilloid 4,Stretch/osmo-activated channel; stretch->actin/ROCK; keratinocyte,"Liedtke, PNAS, 2003 [PMC304114]",Xiong 2024; Okamoto 2021; Enyedi 2016,Co-expressed with junctions; barrier; TRP suppression in psoriasis,
Mechanosensitive ion channels,TRPV6,Trpv6,Literature review,Epidermis,Medium,TRP vanilloid 6,Keratinocyte Ca2+ channel,"Lehen'kyi, 2007",,Regulates terminal differentiation (involucrin),
Microtubule mechanics,ATAT1,Atat1,Hunter 2025 (melanoma confinement),Both,Medium,Alpha-tubulin N-acetyltransferase 1,α-tubulin acetyltransferase; builds the perinuclear ACETYLATED-TUBULIN CAGE that shields the nucleus during confined migration (CRISPR-validated under melanoma confinement),"Hunter, Nature, 2025 [PMC12611772]",,,
Microtubule mechanics,DYNC1H1,Dync1h1,Curated panel,Both,High,Dynein heavy chain 1,"cytoplasmic dynein, principal MT minus-end motor; mechano-coupled to nuclear positioning","Roberts, Nat Rev MCB, 2013 [PMC3972880]",,,Kapitein & Hoogenraad 2015 [Neuron]; Roberts et al. 2013 [Nat Rev MCB]
Microtubule mechanics,HDAC6,Hdac6,Hunter 2025 (melanoma confinement),Both,Medium,Histone deacetylase 6,cytoplasmic tubulin deacetylase; opposes ATAT1 to set acetylated-tubulin levels & microtubule mechanics,"Hunter, Nature, 2025 [PMC12611772]",,,
Microtubule mechanics,MAP4,Map4,Curated panel,Both,High,MAP4,microtubule-associated protein 4; MT stabiliser,"Kapitein, Neuron, 2015 [PMID 26247859]",,,Kapitein & Hoogenraad 2015 [Neuron]; Roberts et al. 2013 [Nat Rev MCB]
Microtubule mechanics,MAPT,Mapt,Curated panel,Dermis,Low,Tau,microtubule-associated protein tau; bundling + stability,"Iqbal, Curr Alzheimer Res, 2010 [PMC3090074]",,,Kapitein & Hoogenraad 2015 [Neuron]; Roberts et al. 2013 [Nat Rev MCB]
Microtubule mechanics,TUBB3,Tubb3,Young 2023 (single-cell genomechanics),Both,Low,Tubulin beta-3 (βIII-tubulin),neuronal-enriched β-tubulin; microtubule mechanics (genomechanics panel),"Young, iScience, 2023 [PMC10074148]",,,
Myofibroblast / α-SMA contractility,ACTA2,Acta2,Curated panel,Dermis,High,α-smooth-muscle actin,the canonical myofibroblast / mechano-contractility marker; stretch- and stiffness-induced,"Tomasek, Nat Rev MCB, 2002 [PMID 11988769]; Hinz, Matrix Biol, 2015 [PMID 25960420]",Aguilera-Stewart 2025; Young 2023; Liu 2026,,Tomasek et al. 2002 [Nat Rev MCB]; Hinz 2015 [Matrix Biol]
Nuclear envelope,CGAS,Cgas,Rajan 2026 (NE-tension review),Both,Medium,Cyclic GMP-AMP synthase (cGAS),cytosolic DNA sensor activated on mechanical nuclear-envelope rupture; upstream of STING,"Rajan, Nucleus, 2026 [PMID 41402996]",Bonjoch 2025,,
Nuclear envelope,EMD,Emd,Curated panel,Both,High,Emerin,"INM LEM-domain protein, lamin A binding","Lammerding, J Cell Biol, 2005 [PMC2171355]",Cosgrove 2025; Lomakin 2020; Rajan 2026,,Swift et al. 2013 [Science]; Crisp et al. 2006 [J Cell Biol]; Kirby & Lammerding 2018 [Nat Cell Biol]
Nuclear envelope,LBR,Lbr,Lomakin 2020 (nucleus-as-ruler),Both,Medium,Lamin B receptor,inner-nuclear-membrane protein tethering lamin B / heterochromatin; nuclear-envelope tension & unfolding sensor,"Lomakin, Science, 2020 [PMID 33060332]",,,
Nuclear envelope,LMNA,Lmna,Literature review,Both,High,Lamin A/C,Lamina stiffness sensor; scales with tissue stiffness; mechano-protective,"Swift, Science, 2013 [PMC3976548]; Lammerding, J Clin Invest, 2004 [PMC324542]",Cosgrove 2025; Xiong 2024; Hunter 2025; Enyedi 2016; Lomakin 2020; Rajan 2026,Epidermal differentiation/architecture,
Nuclear envelope,LMNB1,Lmnb1,Curated panel,Both,High,Lamin B1,B-type nuclear lamina; constitutive,"Swift, Science, 2013 [PMC3976548]",McCreery 2025; Lomakin 2020,,Swift et al. 2013 [Science]; Crisp et al. 2006 [J Cell Biol]; Kirby & Lammerding 2018 [Nat Cell Biol]
Nuclear envelope,NUP62,Nup62,Curated panel,Both,High,Nup62,nuclear pore central channel,"Hülsmann, Cell, 2012 [PMID 22901806]",,,Swift et al. 2013 [Science]; Crisp et al. 2006 [J Cell Biol]; Kirby & Lammerding 2018 [Nat Cell Biol]
Nuclear envelope,NUP93,Nup93,McCreery 2025 (mechano-osmotic chromatin),Both,High,Nucleoporin 93,nuclear-pore scaffold; nuclear-envelope mechanics,"McCreery, Nat Cell Biol, 2025 [PMC12527910]",Rajan 2026,Nuclear-pore scaffold,
Nuclear envelope,NUP98,Nup98,Curated panel,Both,High,Nup98,"nuclear pore, gene-regulatory FG-Nup","Capelson, Cell, 2010 [PMC2821818]",Rajan 2026,,Swift et al. 2013 [Science]; Crisp et al. 2006 [J Cell Biol]; Kirby & Lammerding 2018 [Nat Cell Biol]
Nuclear envelope,NUP153,Nup153,Curated panel,Both,High,Nup153,"nuclear pore basket, mechano-responsive transport","Jamali, 2024",,,Swift et al. 2013 [Science]; Crisp et al. 2006 [J Cell Biol]; Kirby & Lammerding 2018 [Nat Cell Biol]
Nuclear envelope,STING1,Sting1,Rajan 2026 (NE-tension review),Both,Medium,Stimulator of interferon genes (STING1/TMEM173),innate-immune sensor engaged by mechanical nuclear-envelope rupture → cytosolic DNA → type-I IFN,"Rajan, Nucleus, 2026 [PMID 41402996]; Lomakin, Science, 2020 [PMID 33060332]",Bonjoch 2025; Suriyagandhi 2024; Xia 2025,NE-rupture→cGAS-STING type-I IFN contributes to psoriasiform inflammation,
Nuclear envelope,SUN1,Sun1,Literature review,Both,High,SUN domain protein 1,Inner-membrane half of LINC force-bridge across nuclear envelope,"Crisp, J Cell Biol, 2006 [PMC2063530]; Lombardi, J Biol Chem, 2011 [PMC3143636]",Rajan 2026,General,
Nuclear envelope,SUN2,Sun2,Literature review,Both,High,SUN domain protein 2,Inner-membrane half of LINC force-bridge,"Lombardi, J Biol Chem, 2011 [PMC3143636]",Lomakin 2020,General,
Nuclear envelope,SYNE1,Syne1,Literature review,Both,High,Nesprin-1,Outer-membrane KASH nesprin; couples nucleus to actin cytoskeleton,"Lombardi, J Biol Chem, 2011 [PMC3143636]",,General,
Nuclear envelope,SYNE2,Syne2,Literature review,Both,High,Nesprin-2,Outer-membrane KASH nesprin,"Lombardi, J Biol Chem, 2011 [PMC3143636]",Hunter 2025,General,
Nuclear envelope,TMEM43,Tmem43,Curated panel,Both,High,LUMA,"INM scaffold, nuclear envelope organization","Bengtsson, J Cell Sci, 2008 [PMID 18230648]",,,Swift et al. 2013 [Science]; Crisp et al. 2006 [J Cell Biol]; Kirby & Lammerding 2018 [Nat Cell Biol]
Nuclear envelope,TMPO,Tmpo,Curated panel,Both,High,LAP2,INM lamin-binding protein,"Dechat, EMBO J, 2000 [PMC1170818]",,,Swift et al. 2013 [Science]; Crisp et al. 2006 [J Cell Biol]; Kirby & Lammerding 2018 [Nat Cell Biol]
Primary cilium / mechano-flow,FOXJ1,Foxj1,Curated panel,Not in skin,High,FOXJ1,"master cilium-biogenesis TF, motile cilium specification","Choksi, Cilia, 2014 [PMID 24644260]",,,Praetorius & Spring 2003 [J Membr Biol]; Singla & Reiter 2006 [Science]
Rho regulators (GEFs/GAPs/LIMK),ARHGAP9,Arhgap9,Aragona 2020 (ATAC motifs),Both,Medium,Rho GTPase-activating protein 9,Rho-family GAP; opened chromatin on stretch,"Aragona, Nature, 2020 [PMC7116042]",,Rho regulator (stretch-chromatin),
Rho regulators (GEFs/GAPs/LIMK),ARHGAP35,Arhgap35,Curated panel,Both,High,p190RhoGAP,"Rho deactivator, mechano-modulated","Bradley, 2006",,,Birukova et al. 2010 [J Biol Chem]; Heasman & Ridley 2008 [Nat Rev MCB]
Rho regulators (GEFs/GAPs/LIMK),ARHGEF2,Arhgef2,Curated panel,Both,High,GEF-H1 / ARHGEF2,"canonical mechano-Rho-GEF, MT-released by tension","Birukova, 2006",Cosgrove 2025,,Birukova et al. 2010 [J Biol Chem]; Heasman & Ridley 2008 [Nat Rev MCB]
Rho regulators (GEFs/GAPs/LIMK),ARHGEF5,Arhgef5,Aragona 2020 (ATAC motifs),Both,Medium,Rho guanine-exchange factor 5,RhoA GEF; adhesion/mechano-activated,"Aragona, Nature, 2020 [PMC7116042]",,Rho regulator (stretch-chromatin),
Rho regulators (GEFs/GAPs/LIMK),ARHGEF7,Arhgef7,Curated panel,Both,High,β-PIX / ARHGEF7,"Rac/Cdc42 GEF, FA component","Manser, Mol Cell, 1998 [PMID 9659915]",Kaivola 2026,,Birukova et al. 2010 [J Biol Chem]; Heasman & Ridley 2008 [Nat Rev MCB]
Rho regulators (GEFs/GAPs/LIMK),ARHGEF28,Arhgef28,Hunter 2025 (melanoma confinement),Both,Medium,Rho GEF 28 (RGNEF / p190RhoGEF),RhoA guanine-nucleotide-exchange factor; couples integrin/cytoskeleton to RhoA; HMGB2-induced,"Hunter, Nature, 2025 [PMC12611772]",,,
Rho regulators (GEFs/GAPs/LIMK),LIMK1,Limk1,Curated panel,Both,High,LIM kinase 1,"phosphorylates cofilin, mechano-coupled","Bravo-Cordero, Nat Rev MCB, 2013 [PMC3878614]",Kaivola 2026,,Birukova et al. 2010 [J Biol Chem]; Heasman & Ridley 2008 [Nat Rev MCB]
Rho regulators (GEFs/GAPs/LIMK),NET1,Net1,Xiong 2025 (MechanoGEPred),Both,Medium,NET1,RhoA guanine-exchange factor,"Xiong, BioData Min, 2025 [PMC12625330]",,,
Stretch immediate-early TFs,ANKRD1,Ankrd1,Skin/psoriasis review,Both,Medium,Ankyrin repeat domain 1 (CARP),stretch-induced mechano-stress transcriptional cofactor,"Miller, J Mol Biol, 2003 [PMID 14583192]",Kaivola 2026; Cosgrove 2025; Urbanska 2024; Huang 2025,Stretch-induced mechano-stress gene,
Stretch immediate-early TFs,ATF1,Atf1,Cosgrove 2025 (mechano-enhancers),Both,Medium,Activating transcription factor 1,bZIP CREB/ATF mechano-TF (with ATF2/3); footprint,"Cosgrove, Science, 2025 [PMC13005951]",,,
Stretch immediate-early TFs,ATF2,Atf2,Aragona 2020 (ATAC motifs),Both,Medium,Activating transcription factor 2,stress-activated bZIP (p38/JNK substrate); AP-1 partner,"Aragona, Nature, 2020 [PMC7116042]",,Stress-MAPK bZIP,
Stretch immediate-early TFs,ATF3,Atf3,Curated panel,Both,High,ATF3,"activating TF 3; integrated stress response, mechano-inducible","Hai, Gene, 2001 [PMID 11483355]",Aragona 2020; Aguilera-Stewart 2025; McCreery 2025,,Sadoshima & Izumo 1997 [Annu Rev Physiol]; Hai & Hartman 2001 [Gene]
Stretch immediate-early TFs,ATF7,Atf7,Cosgrove 2025 (mechano-enhancers),Both,Medium,Activating transcription factor 7,bZIP ATF mechano-TF (with ATF2); footprint,"Cosgrove, Science, 2025 [PMC13005951]",,,
Stretch immediate-early TFs,EGR1,Egr1,Aragona 2020 (main text),Both,Medium,Early growth response 1,immediate-early mechano-responsive zinc-finger TF,"Aragona, Nature, 2020 [PMC7116042]",Villeneuve 2026; McCreery 2025; Bonjoch 2025,Stretch/stress immediate-early TF; keratinocyte proliferation,
Stretch immediate-early TFs,EGR2,Egr2,Curated panel,Both,High,EGR2 / Krox-20,early growth response zinc-finger TF; stretch-induced,"Khachigian, Circ Res, 2006 [PMID 16456111]",,,Sadoshima & Izumo 1997 [Annu Rev Physiol]; Hai & Hartman 2001 [Gene]
Stretch immediate-early TFs,EGR3,Egr3,Cosgrove 2025 (mechano-enhancers),Both,Medium,Early growth response 3,immediate-early zinc-finger TF (with EGR1/2); stiffness-responsive,"Cosgrove, Science, 2025 [PMC13005951]",,,
Stretch immediate-early TFs,FOS,Fos,Aragona 2020 (main text),Both,Medium,c-Fos (AP-1),AP-1 immediate-early TF; EGFR-MAPK-activated on stretch; dimerizes with Jun,"Aragona, Nature, 2020 [PMC7116042]; Eferl, Nat Rev Cancer, 2003 [PMID 14668816]",McCreery 2025; Cosgrove 2025,Stretch-induced AP-1 program; AP-1 activity altered in psoriasis,
Stretch immediate-early TFs,FOSB,Fosb,Aragona 2020 (main text),Both,Medium,FosB (AP-1),AP-1 immediate-early TF; stretch-upregulated,"Aragona, Nature, 2020 [PMC7116042]",McCreery 2025,Stretch-induced AP-1 program (EGFR-MAPK),
Stretch immediate-early TFs,FOSL1,Fosl1,Aragona 2020 (main text),Both,Medium,Fra-1 / FOS-like 1 (AP-1),AP-1 TF; stretch-induced (immunostained in stretched epidermis),"Aragona, Nature, 2020 [PMC7116042]",Hunter 2025,Stretch-induced AP-1; immunostained in expanded epidermis,
Stretch immediate-early TFs,FOSL2,Fosl2,Aragona 2020 (ATAC motifs),Both,Medium,Fra-2 / FOS-like 2 (AP-1),AP-1 immediate-early TF; FOS-family; top stretch-chromatin motif (q=0),"Aragona, Nature, 2020 [PMC7116042]",,AP-1 family; AP-1 dysregulated in psoriasis,
Stretch immediate-early TFs,JUN,Jun,Aragona 2020 (main text),Both,Medium,c-Jun (AP-1),AP-1 immediate-early TF; EGFR-Ras-MAPK-activated on stretch,"Aragona, Nature, 2020 [PMC7116042]; Eferl, Nat Rev Cancer, 2003 [PMID 14668816]",Fiore 2020; McCreery 2025; Cosgrove 2025; Yu 2022; Xia 2025,Stretch-activated AP-1; AP-1 altered in psoriasis,
Stretch immediate-early TFs,JUNB,Junb,Aragona 2020 (main text),Both,Medium,JunB (AP-1),AP-1 immediate-early TF; stretch-upregulated,"Aragona, Nature, 2020 [PMC7116042]",Hunter 2025,Stretch-induced AP-1; JunB implicated in psoriasis,
Stretch immediate-early TFs,JUND,Jund,Aragona 2020 (main text),Both,Medium,JunD (AP-1),AP-1 immediate-early TF,"Aragona, Nature, 2020 [PMC7116042]",McCreery 2025; Hunter 2025,Stretch-induced AP-1 program,
Stretch MAPK,DUSP1,Dusp1,Xiong 2024 (MechanoBase),Both,Medium,Dual-specificity phosphatase 1,stress-induced MAPK phosphatase (negative feedback; with DUSP6),"Xiong, Database (Oxford), 2024 [PMC11131424]",Xiong 2025,,
Stretch MAPK,DUSP6,Dusp6,Curated panel,Both,High,DUSP6 / MKP-3,"ERK-specific dual-specificity phosphatase, feedback readout","Owens, Oncogene, 2007 [PMID 17496916]",Villeneuve 2026; McCreery 2025,,Sawada & Sheetz 2002 [J Cell Biol]; Tschumperlin & Drazen 2006 [Annu Rev Physiol]
Stretch MAPK,MAP2K1,Map2k1,Curated panel,Both,High,MEK1,"MAPK kinase, upstream of ERK","Roskoski, Pharmacol Res, 2012 [PMID 22569528]",,,Sawada & Sheetz 2002 [J Cell Biol]; Tschumperlin & Drazen 2006 [Annu Rev Physiol]
Stretch MAPK,MAP2K2,Map2k2,Aragona 2020 (main text),Both,High,MEK2 (MAP2K2),MEK kinase (with MAP2K1); stretch-activated MEK-ERK,"Aragona, Nature, 2020 [PMC7116042]",,Stretch-activated MEK-ERK (with MAP2K1),
Stretch MAPK,MAP3K7,Map3k7,Curated panel,Both,High,TAK1,"TGF-β-activated kinase, stretch integrator","Mihaly, 2014",,,Sawada & Sheetz 2002 [J Cell Biol]; Tschumperlin & Drazen 2006 [Annu Rev Physiol]
Stretch MAPK,MAP4K4,Map4k4,Xiong 2025 (MechanoGEPred),Both,Medium,MAP4K4,stress/Hippo MAP4-kinase; mechano-responsive,"Xiong, BioData Min, 2025 [PMC12625330]",,,
Stretch MAPK,MAPK1,Mapk1,Curated panel,Both,High,ERK2,extracellular signal-regulated kinase,"Roux, Microbiol Mol Biol Rev, 2004 [PMC419926]",McCreery 2025,,Sawada & Sheetz 2002 [J Cell Biol]; Tschumperlin & Drazen 2006 [Annu Rev Physiol]
Stretch MAPK,MAPK3,Mapk3,Curated panel,Both,High,ERK1,ERK isoform,"Roux, MMBR, 2004 [PMC419926]",McCreery 2025,,Sawada & Sheetz 2002 [J Cell Biol]; Tschumperlin & Drazen 2006 [Annu Rev Physiol]
Stretch MAPK,MAPK8,Mapk8,Curated panel,Both,High,JNK1,stress-activated protein kinase,"Davis, Cell, 2000 [PMID 11057897]",,,Sawada & Sheetz 2002 [J Cell Biol]; Tschumperlin & Drazen 2006 [Annu Rev Physiol]
Stretch MAPK,MAPK14,Mapk14,Curated panel,Both,High,p38α,primary stretch-activated kinase,"Sawada, J Cell Biol, 2002 [PMC2174068]",McCreery 2025,,Sawada & Sheetz 2002 [J Cell Biol]; Tschumperlin & Drazen 2006 [Annu Rev Physiol]
Stromal mechano (extras),ADAM9,Adam9,Xiong 2024 (MechanoBase),Both,Medium,ADAM metallopeptidase 9,membrane metalloprotease; integrin-associated sheddase,"Xiong, Database (Oxford), 2024 [PMC11131424]",,,
Stromal mechano (extras),ADAMTS1,Adamts1,Curated panel,Dermis,High,ADAMTS-1,cleaves stromal proteoglycans → integrin-α8 mechanosensing in cardiac fibroblasts,"Kong, Adv Sci, 2025 [PMC12697874]",Bansaccal 2023,,Fiore et al. 2015 [J Cell Biol]; Tsukui et al. 2020 [Nat Commun]
Stromal mechano (extras),COL4A1,Col4a1,Curated panel,Dermis,High,Collagen IV α1,basement-membrane biomechanics; GWAS variants link to arterial stiffness,"Tarasov, Circ Cardiovasc Genet, 2009 [PMC2801872]",Aguilera-Stewart 2025; Fiore 2020; Kaivola 2026; Jiang 2024,,Fiore et al. 2015 [J Cell Biol]; Tsukui et al. 2020 [Nat Commun]
Stromal mechano (extras),CTHRC1,Cthrc1,Curated panel,Dermis,Medium,Collagen triple helix repeat 1,marker of mechanically-activated pathologic fibroblast (pan-fibrotic CAF subset),"Tsukui, Nat Commun, 2020 [PMC7174390]",Kaivola 2026,,Fiore et al. 2015 [J Cell Biol]; Tsukui et al. 2020 [Nat Commun]
Stromal mechano (extras),CTSK,Ctsk,Hunter 2025 (melanoma confinement),Both,Medium,Cathepsin K,collagen/elastin-degrading cysteine protease; ECM remodelling; HMGB2-induced,"Hunter, Nature, 2025 [PMC12611772]",Kaivola 2026,,
Stromal mechano (extras),CTSL,Ctsl,Young 2023 (single-cell genomechanics),Both,Medium,Cathepsin L,ECM-degrading lysosomal cysteine protease; invasion (genomechanics panel),"Young, iScience, 2023 [PMC10074148]",,,
Stromal mechano (extras),FBLN1,Fbln1,Curated panel,Dermis,Medium,Fibulin-1,structural ECM/elastic-fibre component; intronic SNPs link to aortic stiffness,"Yasmin, Sci Rep, 2018 [PMC5986773]",Aguilera-Stewart 2025,,Fiore et al. 2015 [J Cell Biol]; Tsukui et al. 2020 [Nat Commun]
Stromal mechano (extras),FBN2,Fbn2,Curated panel,Dermis,Medium,Fibrillin-2,elastic-fibre microfibril mechanics; loss alters bone material properties,"Nistala, 2010",Aguilera-Stewart 2025; Kaivola 2026,,Fiore et al. 2015 [J Cell Biol]; Tsukui et al. 2020 [Nat Commun]
Stromal mechano (extras),HSPG2,Hspg2,Curated panel,Dermis,Medium,Perlecan,pericellular HS proteoglycan mechanosensor; required for load-induced calcium signaling,"Pei, Bone, 2020 [PMC6945981]",Fiore 2020,,Fiore et al. 2015 [J Cell Biol]; Tsukui et al. 2020 [Nat Commun]
Stromal mechano (extras),IL11RA,Il11ra1,Liu 2026 (IL-11 stretch fibroblast),Dermis,Medium,IL-11 receptor subunit alpha,IL-11 receptor; up in stretched dermal fibroblasts; IL-11->IL11RA->STAT3 fibroblast activation/ECM,"Liu, J Invest Dermatol, 2026 [PMID 40812469]",,,
Stromal mechano (extras),IL33,Il33,Aragona 2020 (scRNA DEGs),Both,Medium,Interleukin-33,nuclear alarmin released on mechanical stretch/damage,"Aragona, Nature, 2020 [PMC7116042]",Bonjoch 2025; Xue 2025,Stretch-released keratinocyte alarmin; skin inflammation,
Stromal mechano (extras),LCN2,Lcn2,Xue 2025 (stretched-skin scRNA-seq),Both,Medium,Lipocalin-2 (NGAL),neutrophil/keratinocyte innate-immune lipocalin; stretch-signature gene,"Xue, Nat Commun, 2025 [PMID 40715139]",,Lipocalin-2 elevated in psoriatic skin,
Stromal mechano (extras),MMP1,Mmp1a,Suriyagandhi 2024 (mechano-inflammation network),Both,Medium,Collagenase-1 (MMP1),interstitial collagenase; matrix remodelling,"Suriyagandhi, Mechanobiol Med, 2025 [PMC12082120]",Kaivola 2026,,
Stromal mechano (extras),MMP2,Mmp2,Aragona 2020 (ATAC motifs),Dermis,Medium,Gelatinase-A (MMP2),matrix metalloprotease; ECM/basement-membrane remodelling & stiffness,"Aragona, Nature, 2020 [PMC7116042]; Kessenbrock, Cell, 2010 [PMC2862057]",Aguilera-Stewart 2025; Villeneuve 2026; Kaivola 2026,Gelatinase-A overexpressed in psoriatic skin,
Stromal mechano (extras),MMP3,Mmp3,Aragona 2020 (scRNA DEGs),Both,Medium,Stromelysin-1 (MMP3),matrix metalloprotease; ECM remodelling,"Aragona, Nature, 2020 [PMC7116042]",Kaivola 2026; Bonjoch 2025,Stretch-induced matrix protease,
Stromal mechano (extras),MMP7,Mmp7,Young 2023 (single-cell genomechanics),Both,Medium,Matrilysin (MMP7),epithelial ECM-degrading metalloprotease (single-cell genomechanics panel),"Young, iScience, 2023 [PMC10074148]",Kaivola 2026,,
Stromal mechano (extras),MMP9,Mmp9,Young 2023 (single-cell genomechanics),Both,Medium,Gelatinase B (MMP9),ECM/basement-membrane metalloprotease; invasion (genomechanics panel),"Young, iScience, 2023 [PMC10074148]",Kaivola 2026; Bonjoch 2025,,
Stromal mechano (extras),MMP11,Mmp11,Young 2023 (single-cell genomechanics),Dermis,Medium,Stromelysin-3 (MMP11),stromal ECM-remodelling metalloprotease (genomechanics panel),"Young, iScience, 2023 [PMC10074148]",Kaivola 2026,,
Stromal mechano (extras),MMP12,Mmp12,Hunter 2025 (melanoma confinement),Both,Medium,Macrophage metalloelastase (MMP12),elastin/ECM-degrading metalloprotease; HMGB2-induced invasion target,"Hunter, Nature, 2025 [PMC12611772]",Kaivola 2026,,
Stromal mechano (extras),MMP13,Mmp13,Aguilera-Stewart 2025 (fibroblast),Dermis,Medium,Collagenase-3 (MMP13),matrix metalloprotease; stretch-up; regenerative-fibroblast signature,"Aguilera-Stewart, bioRxiv, 2025 [preprint]",Kaivola 2026,Elevated in psoriatic skin (matrix remodelling),
Stromal mechano (extras),MMP14,Mmp14,Curated panel,Dermis,High,MT1-MMP,mechanically-regulated activator of secreted MMPs at invadopodia,"Haage, Biochem Biophys Res Commun, 2014 [PMID 24878529]",Aguilera-Stewart 2025; Kaivola 2026,,Fiore et al. 2015 [J Cell Biol]; Tsukui et al. 2020 [Nat Commun]
Stromal mechano (extras),NREP,Nrep,Curated panel,Dermis,Medium,NREP / P311,myofibroblast contractility; required for scar tensile strength via TGF-β isoform translation,"Cheng, Am J Pathol, 2017 [PMC5389364]",,,Fiore et al. 2015 [J Cell Biol]; Tsukui et al. 2020 [Nat Commun]
Stromal mechano (extras),PDGFB,Pdgfb,Xue 2025 (stretched-skin scRNA-seq),Both,Medium,Platelet-derived growth factor B,PDGF ligand (PDGFRA/B axis); stretch-induced angiogenic/fibroblast signalling,"Xue, Nat Commun, 2025 [PMID 40715139]",,,
Stromal mechano (extras),PDGFRA,Pdgfra,Aguilera-Stewart 2025 (fibroblast),Dermis,High,PDGFR-alpha,dermal-fibroblast master receptor/marker; mechano-activated stroma,"Aguilera-Stewart, bioRxiv, 2025 [preprint]; Driskell, Nature, 2013 [PMC3868929]",Cosgrove 2025,Dermal fibroblast marker; psoriatic stroma,
Stromal mechano (extras),PDPN,Pdpn,Aguilera-Stewart 2025 (fibroblast),Dermis,Medium,Podoplanin,fibroblast ECM-remodelling glycoprotein; stretch-up; CLEC-2 ligand,"Aguilera-Stewart, bioRxiv, 2025 [preprint]; Astarita, Front Immunol, 2012 [PMC3439854]",,Marks activated/inflammatory dermal fibroblasts in psoriasis,
Stromal mechano (extras),PLAU,Plau,Curated panel,Dermis,High,uPA / urokinase plasminogen activator,uPAR transmits mechanical force across the membrane (foundational paper),"Wang, Am J Physiol, 1995 [PMID 7733228]",Kaivola 2026; Huang 2025; Yu 2022,,Fiore et al. 2015 [J Cell Biol]; Tsukui et al. 2020 [Nat Commun]
Stromal mechano (extras),PLAUR,Plaur,Xiong 2024 (MechanoBase),Both,Medium,uPAR (PLAUR),urokinase receptor; mechano-migration/ECM (with PLAU),"Xiong, Database (Oxford), 2024 [PMC11131424]",Kaivola 2026,,
Stromal mechano (extras),PTGS2,Ptgs2,Xiong 2025 (MechanoGEPred),Both,Medium,COX-2 (PTGS2),mechano-induced prostaglandin synthase,"Xiong, BioData Min, 2025 [PMC12625330]",Bonjoch 2025; Li 2025,,
Stromal mechano (extras),S100A8,S100a8,Xue 2025 (stretched-skin scRNA-seq),Both,Medium,S100 calcium-binding protein A8 (calprotectin subunit),keratinocyte/myeloid Ca-binding alarmin; stretch-signature gene,"Xue, Nat Commun, 2025 [PMID 40715139]",Aragona 2020; Aguilera-Stewart 2025; Huang 2025; Li 2025,Calprotectin (S100A8/A9): major psoriasis alarmin/biomarker,
Stromal mechano (extras),THY1,Thy1,Curated panel,Dermis,High,Thy-1 / CD90,couples to αvβ3 integrin to gate Fyn-dependent rigidity sensing in fibroblasts,"Fiore, J Cell Biol, 2015 [PMC4602038]",Aragona 2020; Kaivola 2026; Xue 2025,,Fiore et al. 2015 [J Cell Biol]; Tsukui et al. 2020 [Nat Commun]
Stromal mechano (extras),TIMP1,Timp1,Aguilera-Stewart 2025 (fibroblast),Both,Medium,TIMP metallopeptidase inhibitor 1,MMP inhibitor; stretch-up; ECM turnover balance,"Aguilera-Stewart, bioRxiv, 2025 [preprint]",Kaivola 2026,Elevated in psoriatic skin/serum (MMP/TIMP imbalance),
Stromal mechano (extras),TIMP2,Timp2,Xiong 2025 (MechanoGEPred),Both,Medium,TIMP2,metalloprotease inhibitor (with TIMP1/3),"Xiong, BioData Min, 2025 [PMC12625330]",,,
Stromal mechano (extras),TIMP3,Timp3,Young 2023 (single-cell genomechanics),Both,Medium,TIMP metallopeptidase inhibitor 3,ECM-bound MMP inhibitor; positive correlate of cell stiffness; metastasis suppressor (with TIMP1/2),"Young, iScience, 2023 [PMC10074148]",,,
TGF-β receptor / SMAD core,ACVRL1,Acvrl1,Suriyagandhi 2024 (mechano-inflammation network),Dermis,Medium,ALK1 (ACVRL1),endothelial TGF-beta-superfamily type-I receptor (flow-responsive),"Suriyagandhi, Mechanobiol Med, 2025 [PMC12082120]",,,
TGF-β receptor / SMAD core,BAMBI,Bambi,Xiong 2025 (MechanoGEPred),Both,Medium,BAMBI,BMP/TGF-beta pseudoreceptor (mechano-TGFb),"Xiong, BioData Min, 2025 [PMC12625330]",,,
TGF-β receptor / SMAD core,BMP6,Bmp6,Cosgrove 2025 (mechano-enhancers),Both,Medium,Bone morphogenetic protein 6,BMP ligand; stiffness-responsive TGF-beta/BMP signalling,"Cosgrove, Science, 2025 [PMC13005951]",,,
TGF-β receptor / SMAD core,LRRC32,Lrrc32,Xue 2025 (stretched-skin scRNA-seq),Both,Medium,GARP (LRRC32),cell-surface docking receptor presenting latent TGF-β for force-dependent activation; stretch-signature,"Xue, Nat Commun, 2025 [PMID 40715139]",,,
TGF-β receptor / SMAD core,SMAD1,Smad1,Aragona 2020 (regulons),Both,High,SMAD1,BMP-SMAD effector; mechanosensitive (completes SMAD2/3/4),"Aragona, Nature, 2020 [PMC7116042]",,BMP-SMAD mechano arm,
TGF-β receptor / SMAD core,SMAD2,Smad2,Curated panel,Both,High,SMAD2,"receptor-regulated SMAD, phosphorylated by TGFBR1; TGF-β-specific (with SMAD3)","Massagué, Nat Rev MCB, 2012 [PMC4027049]",Liu 2026,,Heldin & Moustakas 2016 [CSH Perspect Biol]; Massagué 2012 [Nat Rev MCB]
TGF-β receptor / SMAD core,SMAD3,Smad3,Curated panel,Both,High,SMAD3,receptor-regulated SMAD; canonical mechano-fibrosis effector,"Massagué, Nat Rev MCB, 2012 [PMC4027049]",Hunter 2025; Rajan 2026,,Heldin & Moustakas 2016 [CSH Perspect Biol]; Massagué 2012 [Nat Rev MCB]
TGF-β receptor / SMAD core,SMAD4,Smad4,Curated panel,Both,High,SMAD4,common-mediator SMAD; partners with phospho-SMAD2/3 to translocate into the nucleus,"Massagué, Nat Rev MCB, 2012 [PMC4027049]",McCreery 2025; Huang 2025,,Heldin & Moustakas 2016 [CSH Perspect Biol]; Massagué 2012 [Nat Rev MCB]
TGF-β receptor / SMAD core,TGFBR1,Tgfbr1,Curated panel,Both,High,TGF-β receptor I,type-I receptor (ALK5); phosphorylates SMAD2/3,"Heldin, CSH Perspect Biol, 2016 [PMC4968163]",,,Heldin & Moustakas 2016 [CSH Perspect Biol]; Massagué 2012 [Nat Rev MCB]
TGF-β receptor / SMAD core,TGFBR2,Tgfbr2,Curated panel,Both,High,TGF-β receptor II,"type-II receptor; constitutively active kinase, binds TGF-β1/3 and activates TGFBR1","Heldin, CSH Perspect Biol, 2016 [PMC4968163]",,,Heldin & Moustakas 2016 [CSH Perspect Biol]; Massagué 2012 [Nat Rev MCB]
Wnt / planar cell polarity (mechano),CAMK2B,Camk2b,Suriyagandhi 2024 (mechano-inflammation network),Both,Medium,CaMKII-beta (CAMK2B),Wnt-Ca2+ / mechano-calcium kinase (-> NFATC1),"Suriyagandhi, Mechanobiol Med, 2025 [PMC12082120]",,,
Wnt / planar cell polarity (mechano),DAAM1,Daam1,Suriyagandhi 2024 (mechano-inflammation network),Both,Medium,Dishevelled-associated activator of morphogenesis 1,PCP formin; non-canonical Wnt/PCP effector,"Suriyagandhi, Mechanobiol Med, 2025 [PMC12082120]",,,
Wnt / planar cell polarity (mechano),DKK1,Dkk1,Xiong 2025 (MechanoGEPred),Both,Medium,Dickkopf-1 (DKK1),Wnt antagonist; mechano-regulated,"Xiong, BioData Min, 2025 [PMC12625330]",,,
Wnt / planar cell polarity (mechano),DVL1,Dvl1,Suriyagandhi 2024 (mechano-inflammation network),Both,Medium,Dishevelled 1,Wnt/PCP signalling hub (canonical + PCP),"Suriyagandhi, Mechanobiol Med, 2025 [PMC12082120]",,,
Wnt / planar cell polarity (mechano),DVL2,Dvl2,Suriyagandhi 2024 (mechano-inflammation network),Both,Medium,Dishevelled 2,Wnt/PCP signalling hub,"Suriyagandhi, Mechanobiol Med, 2025 [PMC12082120]",,,
Wnt / planar cell polarity (mechano),FZD1,Fzd1,Aguilera-Stewart 2025 (fibroblast),Both,Medium,Frizzled-1,Wnt receptor (completes Wnt/PCP module),"Aguilera-Stewart, bioRxiv, 2025 [preprint]",Bansaccal 2023,Wnt receptor; stretch-regulated,
Wnt / planar cell polarity (mechano),LEF1,Lef1,Aragona 2020 (regulons),Both,Medium,LEF1,Wnt/beta-catenin nuclear effector TF (completes Wnt module),"Aragona, Nature, 2020 [PMC7116042]",Aguilera-Stewart 2025; Bansaccal 2023; Fiore 2020; McCreery 2025; Koester 2021,Wnt effector; hair-follicle/epidermal,
Wnt / planar cell polarity (mechano),LGR4,Lgr4,Xiong 2025 (MechanoGEPred),Both,Medium,LGR4,R-spondin receptor; Wnt-mechano,"Xiong, BioData Min, 2025 [PMC12625330]",,,
Wnt / planar cell polarity (mechano),LRP5,Lrp5,Xiong 2025 (MechanoGEPred),Both,Medium,LRP5,Wnt co-receptor; bone-mechano signalling,"Xiong, BioData Min, 2025 [PMC12625330]",,,
Wnt / planar cell polarity (mechano),NFATC1,Nfatc1,Aguilera-Stewart 2025 (fibroblast),Both,Medium,NFATc1,Wnt-Ca2+/calcineurin-NFAT effector; mechano-calcium transcription,"Aguilera-Stewart, bioRxiv, 2025 [preprint]",Koester 2021,Calcineurin-NFAT axis (cyclosporine target in psoriasis),
Wnt / planar cell polarity (mechano),PRICKLE1,Prickle1,Aguilera-Stewart 2025 (fibroblast),Both,Medium,Prickle planar cell polarity protein 1,core PCP protein; tissue-tension polarity (partners VANGL2),"Aguilera-Stewart, bioRxiv, 2025 [preprint]; Devenport, Nat Cell Biol, 2014 [PMC4210441]",,Non-canonical Wnt/PCP; stretch-regulated,
Wnt / planar cell polarity (mechano),ROR2,Ror2,Skin/psoriasis review,Dermis,Medium,RTK-like orphan receptor 2,WNT5A co-receptor; non-canonical Wnt/PCP,"Minami, Dev Dyn, 2010 [PMID 19530173]",,WNT5A co-receptor in the psoriatic non-canonical Wnt axis,
Wnt / planar cell polarity (mechano),VANGL2,Vangl2,Skin/psoriasis review,Epidermis,Medium,VANGL planar cell polarity protein 2,core PCP protein; orients cells to tissue-level force,"Devenport, Nat Cell Biol, 2014 [PMC4210441]",,Epidermal planar-polarity machinery,
Wnt / planar cell polarity (mechano),WNT5A,Wnt5a,Skin/psoriasis review,Both,Medium,Wnt family member 5A,non-canonical Wnt ligand; Wnt/PCP + Wnt-Ca2+ (tissue-level mechanics),"Tian, J Cell Mol Med, 2019 [PMC6714168]",Aguilera-Stewart 2025; Koester 2021; Young 2023,"Up ~4-fold in psoriatic plaques; drives keratinocyte proliferation/inflammation, suppresses FLG/KRT1/KRT10",
Wnt / planar cell polarity (mechano),WNT5B,Wnt5b,Liu 2026 (IL-11 stretch fibroblast),Both,Medium,Wnt-5b,non-canonical Wnt/PCP ligand; downstream effector of IL-11-mediated dermal fibroblast activation under mechanical stretch,"Liu, J Invest Dermatol, 2026 [PMID 40812469]",,,
Wnt / planar cell polarity (mechano),WNT11,Wnt11,Aguilera-Stewart 2025 (fibroblast),Both,Medium,Wnt family member 11,non-canonical Wnt ligand (PCP/convergent-extension),"Aguilera-Stewart, bioRxiv, 2025 [preprint]",McCreery 2025,Non-canonical Wnt ligand; stretch-regulated,
